/* Сегмент fw_data
 * Адрес 0x00900000, 26908 байт.  Сгенерировано gen_data_tree.py.
 * По мере разбора байтовые куски заменяются на именованные
 * структуры; сборка сверяется с оригиналом побайтово. */
	.section .rodata.fw_data,"a",@progbits
	.global fw_data
fw_data:
	.byte 0x00,0x00,0x00,0x00,0x4f,0x06,0x00,0x00,0x00,0x00,0x00,0x00,0x40,0x42,0x0f,0x00 /* 900000 ....O.......@B.. */
	.byte 0x00,0x00,0x00,0x00,0x01,0x00,0x00,0x00,0x01,0x00,0x00,0x00,0x00,0x00,0x00,0x00 /* 900010 ................ */
	.byte 0x00,0x00,0x00,0x00,0x00,0x00,0x00,0x00,0x00,0x00,0x00,0x00,0x00,0x00,0x00,0x00 /* 900020 ................ */
	.byte 0x00,0x00,0x00,0x00,0x00,0x00,0x00,0x00,0x00,0x00,0x00,0x00,0x00,0x00,0x00,0x00 /* 900030 ................ */
	.byte 0x00,0x00,0x00,0x00,0x00,0x00,0x00,0x00,0x00,0x00,0x00,0x00,0x00,0x00,0x00,0x00 /* 900040 ................ */
	.byte 0x00,0x00,0x00,0x00,0x00,0x87,0x93,0x03,0x01,0x02,0x03,0x00,0xe8,0x03,0x00,0x00 /* 900050 ................ */
	.byte 0x06,0x00,0x00,0x00,0x02,0x00,0x00,0x00,0x00,0x00,0x00,0x00,0x00,0x00,0x00,0x00 /* 900060 ................ */
	.byte 0x0a,0x00,0x00,0x00,0x10,0x27,0x00,0x00,0xa0,0x86,0x01,0x00,0x00,0x00,0x00,0x00 /* 900070 .....'.......... */
	.byte 0x00,0x00,0x00,0x00,0x00,0x00,0x00,0x00,0xb8,0x0b,0x00,0x00     /* 900080 ............ */
	.4byte __ld_gp_to_r13_ret - 0x008c0000 /* 90008c */
	.4byte __ld_gp_to_r13_ret - 0x008c0000 /* 900090 */
	.byte 0x00,0x00,0x00,0x00,0x08,0x00,0x00,0x00,0x30,0x75,0x00,0x00,0x00,0x00,0x00,0x00 /* 900094 ........0u...... */
	.byte 0x00,0x00,0x00,0x00,0x00,0x00,0x00,0x00,0x00,0x00,0x00,0x00,0x00,0x00,0x00,0x00 /* 9000a4 ................ */
	.byte 0x00,0x00,0x00,0x00,0x00,0x00,0x00,0x00,0x00,0x00,0x00,0x00,0xff,0xff,0x00,0x00 /* 9000b4 ................ */
	.byte 0x00,0x00,0x00,0x00,0x00,0x00,0x00,0x00,0x00,0x00,0x00,0x00,0x00,0x00,0x00,0x00 /* 9000c4 ................ */
	.byte 0x00,0x00,0x00,0x00,0x00,0x00,0x00,0x00,0x00,0x00,0x00,0x00,0x00,0x00,0x00,0x00 /* 9000d4 ................ */
	.byte 0x00,0x00,0x00,0x00,0x00,0x00,0x00,0x00,0x00,0x00,0x00,0x00,0x00,0x00,0x00,0x00 /* 9000e4 ................ */
	.byte 0x00,0x00,0x00,0x00,0x00,0x00,0x00,0x00,0x00,0x00,0x00,0x00,0x00,0x00,0x00,0x00 /* 9000f4 ................ */
	.byte 0x00,0x00,0x00,0x00,0x06,0x02,0x80,0x00,0x00,0x00,0x00,0x00,0x00,0x00,0x00,0x00 /* 900104 ................ */
	.byte 0x00,0x00,0x00,0x00,0x00,0x00,0x00,0x00,0x01,0x00,0x00,0x00,0x00,0x00,0x00,0x00 /* 900114 ................ */
	.byte 0x00,0x00,0x00,0x00,0x00,0x00,0x00,0x00,0xa0,0x86,0x01,0x00,0xa0,0x0f,0x00,0x00 /* 900124 ................ */
	.byte 0x24,0x04,0x80,0x00,0x00,0x00,0x00,0x00,0x00,0x00,0x00,0x00,0x00,0x00,0x00,0x00 /* 900134 $............... */
	.byte 0x00,0x00,0x00,0x00,0x00,0x00,0x00,0x00,0x00,0x00,0x00,0x00,0x00,0x00,0x00,0x00 /* 900144 ................ */
	.byte 0x00,0x00,0x00,0x00,0x10,0xfc,0x01,0x01,0xf9,0x03,0x02,0x01,0x8c,0x05,0x02,0x01 /* 900154 ................ */
	.byte 0xee,0x05,0x02,0x01,0x00,0x00,0x00,0x00,0xb4,0x09,0x80,0x00,0x00,0x00,0x00,0x00 /* 900164 ................ */
	.byte 0x00,0x00,0x00,0x00,0x00,0x00,0x00,0x00,0x00,0x00,0x00,0x00,0x00,0x00,0x00,0x00 /* 900174 ................ */
	.byte 0x00,0x00,0x00,0x00,0x00,0x00,0x00,0x00,0x00,0x00,0x00,0x00,0x00,0x00,0x00,0x00 /* 900184 ................ */
	.byte 0x00,0x00,0x00,0x00,0x00,0x00,0x00,0x00,0x00,0x00,0x00,0x00,0x89,0xf8,0x01,0x01 /* 900194 ................ */
	.byte 0x1e,0xf9,0x01,0x01,0xae,0xf9,0x01,0x01,0x5d,0xfa,0x01,0x01,0xcf,0xfa,0x01,0x01 /* 9001a4 ........]....... */
	.byte 0x36,0xfb,0x01,0x01,0x6e,0xfc,0x01,0x01,0xb2,0xfd,0x01,0x01,0x23,0xff,0x01,0x01 /* 9001b4 6...n.......#... */
	.byte 0xe9,0xff,0x01,0x01,0x59,0x01,0x02,0x01,0x1b,0x03,0x02,0x01,0x25,0x2c,0x80,0x00 /* 9001c4 ....Y.......%,.. */
	.byte 0xec,0x06,0x02,0x01,0x74,0x07,0x02,0x01,0x3f,0x08,0x02,0x01,0x9b,0x09,0x02,0x01 /* 9001d4 ....t...?....... */
	.byte 0x3c,0x0a,0x02,0x01,0x3b,0x0b,0x02,0x01,0x38,0x0c,0x02,0x01,0x00,0x00,0x00,0x00 /* 9001e4 <...;...8....... */
	.byte 0x0a,0x00,0x00,0x00,0x00,0x00,0x00,0x00,0xc8,0x00,0x40,0x00,0x00,0x00,0x00,0x00 /* 9001f4 ..........@..... */
	.byte 0x00,0x00,0x38,0x4a,0x00,0x00,0x03,0x00,0x00,0x00,0x00,0x00,0x00,0x00,0x00,0x00 /* 900204 ..8J............ */
	.byte 0x00,0x00,0x00,0x08,0x2a,0x00,0x00,0x14,0xc8,0x01,0x02,0x01,0x01,0x01,0x01,0x03 /* 900214 ....*........... */
	.byte 0x0a,0x00,0x0f,0x2b,0x17,0x02,0x00,0x1e,0x0f,0x26,0x01,0x0e,0x13,0x01,0x05,0x0c /* 900224 ...+.....&...... */
	.byte 0x01,0x01,0x00,0x1b,0x1b,0x1d,0x1d,0x01,0x06,0x00,0x02,0x01,0x02,0x00,0x01,0x01 /* 900234 ................ */
	.byte 0x0a,0x00,0x06,0x00,0x20,0x01,0x01,0x00,0x00,0x00,0x00,0x00,0x00,0x03,0x00,0x00 /* 900244 .... ........... */
	.byte 0x0c,0x0e,0x00,0x08,0x00,0x00,0x00,0x04,0x00,0x00,0x00,0x00,0x03,0x00,0x00,0x00 /* 900254 ................ */
	.byte 0x03,0x00,0x00,0x00,0x03,0x01,0x00,0x00,0x10,0x14,0x04,0x00,0x00,0x00,0x00,0x00 /* 900264 ................ */
	.byte 0x00,0x00,0x00,0x00,0x00,0x03,0x05,0x09,0x0d,0x04,0xff,0x00,0x00,0x00,0x00,0x00 /* 900274 ................ */
	.byte 0x60,0x02,0x00,0x00,0x60,0x02,0x00,0x00,0x40,0x02,0x00,0x00,0x40,0x04,0x00,0x00 /* 900284 `...`...@...@... */
	.byte 0x00,0x00,0x00,0x00,0x00,0x00,0x00,0x00,0x01,0x00,0x00,0x00,0x01,0x00,0x00,0x00 /* 900294 ................ */
	.byte 0x00,0x00,0x00,0x00,0x00,0x00,0x00,0x00,0xa0,0x86,0x01,0x00,0x40,0x42,0x0f,0x00 /* 9002a4 ............@B.. */
	.byte 0x00,0x00,0x00,0x00,0xe8,0x4b,0xe8,0x01,0xc0,0xc6,0x2d,0x00,0x40,0x0d,0x03,0x00 /* 9002b4 .....K....-.@... */
	.byte 0x40,0x0d,0x03,0x00,0x00,0x00,0x00,0x00,0x00,0x00,0x00,0x00,0x00,0x00,0x00,0x00 /* 9002c4 @............... */
	.byte 0x64,0x00,0x00,0x00,0x11,0x11,0x11,0x11,0x00,0x00,0x00,0x00,0x00,0x00,0x00,0x00 /* 9002d4 d............... */
	.byte 0xb8,0x0b,0x00,0x00,0x01,0x00,0x00,0x00,0x88,0x13,0x00,0x00,0x00,0x00,0x00,0x00 /* 9002e4 ................ */
	.byte 0x01,0x00,0x00,0x00,0x00,0x00,0x00,0x00,0x00,0x00,0x00,0x00,0x64,0x00,0x00,0x00 /* 9002f4 ............d... */
	.byte 0x00,0x00,0x00,0x00,0x00,0x00,0x00,0x00,0x00,0x00,0x00,0x00,0x00,0x00,0x00,0x00 /* 900304 ................ */
	.byte 0x00,0x00,0x00,0x00,0x07,0x00,0x00,0x00,0x00,0x00,0x00,0x00,0x00,0x00,0x00,0x00 /* 900314 ................ */
	.byte 0x00,0x00,0x00,0x00,0x00,0x00,0x00,0x00,0x00,0x00,0x00,0x00,0x00,0x00,0x00,0x00 /* 900324 ................ */
	.byte 0x01,0x00,0x00,0x00,0x00,0x00,0x00,0x00,0x00,0x00,0x00,0x00,0x00,0x00,0x00,0x00 /* 900334 ................ */
	.byte 0x00,0x00,0x00,0x00,0xa0,0x68,0x06,0x00,0x00,0x00,0x00,0x00,0x00,0x00,0x00,0x00 /* 900344 .....h.......... */
	.byte 0x00,0x00,0x00,0x00,0x00,0x00,0x00,0x00,0x00,0x00,0x00,0x00,0x40,0x42,0x0f,0x00 /* 900354 ............@B.. */
	.byte 0x00,0x00,0x00,0x00,0x00,0x00,0x00,0x00,0x0a,0x00,0x00,0x00,0x00,0x00,0x00,0x00 /* 900364 ................ */
	.byte 0x00,0x00,0x00,0x00,0x01,0x00,0x00,0x00,0x01,0x00,0x00,0x00,0xa0,0x3d,0x80,0x00 /* 900374 .............=.. */
	.byte 0x00,0x00,0x00,0x00,0x20,0x4e,0x00,0x00,0x00,0x00,0x00,0x00,0x00,0x00,0x00,0x00 /* 900384 .... N.......... */
	.byte 0x01,0x00,0x00,0x00,0x01,0x00,0x00,0x00,0x00,0x00,0x00,0x00,0x00,0x00,0x00,0x00 /* 900394 ................ */
	.byte 0x01,0x00,0x00,0x00,0x0c,0x00,0x00,0x00,0x00,0x00,0x00,0x00,0x01,0x00,0x00,0x00 /* 9003a4 ................ */
	.byte 0x3c,0x00,0x00,0x00,0x00,0x00,0x00,0x00,0x02,0x00,0x00,0x00,0x10,0x27,0x00,0x00 /* 9003b4 <............'.. */
	.byte 0x80,0xc3,0xc9,0x01,0x00,0x00,0x00,0x00,0x01,0x00,0x00,0x00,0xc4,0x72,0x88,0x00 /* 9003c4 .............r.. */
	.byte 0x44,0x77,0x88,0x00,0x00,0x00,0x00,0x00,0x00,0x00,0x00,0x00,0x00,0x00,0x00,0x00 /* 9003d4 Dw.............. */
	.byte 0x00,0x00,0x00,0x00,0x00,0x00,0x00,0x00,0x01,0x00,0x00,0x00,0xd0,0x07,0x00,0x00 /* 9003e4 ................ */
	.byte 0x00,0x00,0x00,0x00,0x00,0x00,0x00,0x00,0x10,0x27,0x00,0x00,0x03,0x00,0x00,0x00 /* 9003f4 .........'...... */
	.byte 0x00,0x00,0x00,0x00,0x64,0x0c,0x80,0x00,0x00,0x00,0x00,0x00,0x01,0x00,0x00,0x00 /* 900404 ....d........... */
	.byte 0x02,0x00,0x00,0x00,0x02,0x00,0x00,0x00,0x00,0x00,0x00,0x00,0xd4,0x30,0x00,0x00 /* 900414 .............0.. */
	.byte 0x01,0x00,0x00,0x00,0x00,0x00,0x00,0x00,0x00,0x00,0x00,0x00,0x80,0x8d,0x5b,0x00 /* 900424 ..............[. */
	.byte 0x80,0x8d,0x5b,0x00,0x80,0x8d,0x5b,0x00,0x01,0x00,0x00,0x00,0x01,0x00,0x00,0x00 /* 900434 ..[...[......... */
	.byte 0x01,0x00,0x00,0x00,0x80,0xc3,0xc9,0x01,0xc4,0x09,0x00,0x00     /* 900444 ............ */
	.4byte fw_vector_01 - 0x008c0000 /* 900450 */
	.byte 0x00,0x00,0x00,0x00,0x00,0x00,0x00,0x00,0x00,0x00,0x00,0x00,0x00,0x00,0x00,0x00 /* 900454 ................ */
	.byte 0x00,0x00,0x00,0x00,0x00,0x00,0x00,0x00,0x80,0x96,0x98,0x00,0x00,0x00,0x00,0x00 /* 900464 ................ */
	.byte 0x00,0x00,0x00,0x00,0x00,0x00,0x00,0x00,0x01,0x00,0x00,0x00,0x00,0x00,0x00,0x00 /* 900474 ................ */
	.byte 0x40,0x42,0x0f,0x00,0x00,0x00,0x00,0x00,0x01,0x00,0x00,0x00,0xe8,0x03,0x00,0x00 /* 900484 @B.............. */
	.byte 0x50,0xc3,0x00,0x00,0x01,0x00,0x00,0x00,0x00,0x00,0x00,0x00,0xa0,0x86,0x01,0x00 /* 900494 P............... */
	.byte 0x12,0x34,0x56,0x78,0x9a,0xbc,0x00,0x00,0x68,0xfa,0x01,0x01,0x6d,0xfa,0x01,0x01 /* 9004a4 .4Vx....h...m... */
	.byte 0xdc,0xfa,0x01,0x01,0xe1,0xfa,0x01,0x01,0x00,0x00,0x00,0x00,0x01,0x00,0x00,0x00 /* 9004b4 ................ */
	.byte 0x01,0x01,0x00,0x00,0x00,0x00,0x00,0x00,0x00,0x00,0x00,0x04,0x00,0x04,0x04,0x06 /* 9004c4 ................ */
	.byte 0x2c,0xff,0x01,0x01,0x34,0xff,0x01,0x01,0x98,0x05,0x02,0x01,0x9d,0x05,0x02,0x01 /* 9004d4 ,...4........... */
	.byte 0x60,0xe3,0x16,0x00,0x20,0x4e,0x00,0x00,0x00,0x00,0x00,0x00,0x00,0x00,0x00,0x00 /* 9004e4 `... N.......... */
	.byte 0x00,0x00,0x00,0x00,0x00,0x00,0x00,0x00,0x00,0x00,0x00,0x00,0x00,0x00,0x00,0x00 /* 9004f4 ................ */
	.byte 0x00,0x00,0x00,0x00,0x2a,0x00,0x00,0x00,0x00,0x00,0x00,0x00,0x04,0x18,0x01,0x3f /* 900504 ....*..........? */
	.byte 0x00,0x00,0x00,0x00,0x0c,0x01,0x01,0x00,0x00,0x00,0x00,0x00,0x00,0x00,0x00,0x00 /* 900514 ................ */
	.byte 0x00,0x00,0x00,0x00,0x0c,0x1a,0x80,0x00,0x00,0x00,0x00,0x00,0x04,0x0c,0x00,0x00 /* 900524 ................ */
	.byte 0x02,0x01,0x00,0x00,0x0a,0x09,0x08,0x00,0x02,0x01,0x00,0x00,0x0a,0x09,0x08,0x00 /* 900534 ................ */
	.byte 0x00,0x00,0x00,0x00,0x02,0x01,0x01,0x01,0x18,0x10,0x08,0x00,0x00,0x18,0x10,0x08 /* 900544 ................ */
	.byte 0x00,0x00,0x00,0x00,0x02,0x01,0x01,0x01,0x1b,0x13,0x0b,0x03,0x03,0x1b,0x13,0x0b /* 900554 ................ */
	.byte 0x10,0x14,0x18,0x1c,0x00,0x00,0x00,0x00,0x10,0x14,0x18,0x1c,0x00,0x00,0x00,0x00 /* 900564 ................ */
	.byte 0x00,0x00,0x00,0x00,0x02,0x01,0x01,0x01,0x18,0x10,0x08,0x00,0x00,0x18,0x10,0x08 /* 900574 ................ */
	.byte 0x00,0x00,0x00,0x00,0x02,0x01,0x01,0x01,0x1b,0x13,0x0b,0x03,0x03,0x1b,0x13,0x0b /* 900584 ................ */
	.byte 0x00,0x00,0x00,0x00,0x01,0x00,0x00,0x00,0x00,0x00,0x00,0x00,0x00,0x00,0x00,0x00 /* 900594 ................ */
	.byte 0x00,0x00,0x00,0x00,0x01,0x00,0x00,0x00,0x00,0x00,0x00,0x00,0x00,0x00,0x00,0x00 /* 9005a4 ................ */
	.byte 0x00,0x00,0x00,0x00,0x00,0x00,0x00,0x00,0x00,0x00,0x00,0x00,0x01,0x00,0x00,0x00 /* 9005b4 ................ */
	.byte 0x00,0x00,0x00,0x00,0xa8,0xd5,0x02,0x00,0x00,0x00,0x00,0x00,0x00,0x00,0x00,0x00 /* 9005c4 ................ */
	.byte 0x00,0x00,0x00,0x00,0x00,0xb8,0x00,0x00,0xf0,0xb7,0x00,0x00,0xc0,0xd9,0x02,0x00 /* 9005d4 ................ */
	.byte 0x00,0x00,0x00,0x00,0xec,0xbb,0x00,0x00                         /* 9005e4 ........ */
	.4byte brd_if_multi_array__get_section_info_8ccb84 - 0x008c0000 /* 9005ec */
	.byte 0x78,0xb9,0x00,0x00,0x48,0xbc,0x00,0x00,0x00,0xb8,0x00,0x00,0xf0,0xb7,0x00,0x00 /* 9005f0 x...H........... */
	.byte 0xf0,0x2f,0x02,0x00,0x00,0x00,0x00,0x00,0xa4,0x90,0x01,0x00,0x1c,0xa2,0x00,0x00 /* 900600 ./.............. */
	.byte 0xd8,0x9d,0x00,0x00,0x24,0xa2,0x00,0x00,0x6c,0x64,0x00,0x00,0xf8,0x7b,0x00,0x00 /* 900610 ....$...ld...{.. */
	.byte 0x98,0x78,0x00,0x00,0x9c,0x7c,0x00,0x00,0xc0,0xd5,0x02,0x00,0x98,0x62,0x00,0x00 /* 900620 .x...|.......b.. */
	.byte 0xd4,0xd5,0x02,0x00,0x00,0x00,0x00,0x00,0xa4,0x90,0x01,0x00,0x1c,0xa2,0x00,0x00 /* 900630 ................ */
	.byte 0x6c,0xa0,0x00,0x00,0x24,0xa2,0x00,0x00,0x6c,0x64,0x00,0x00,0x20,0x7c,0x00,0x00 /* 900640 l...$...ld.. |.. */
	.byte 0xec,0x79,0x00,0x00,0xc4,0x7c,0x00,0x00,0xc8,0xd5,0x02,0x00,0x98,0x62,0x00,0x00 /* 900650 .y...|.......b.. */
	.byte 0x00,0xc2,0x00,0x00,0x00,0x00,0x00,0x00,0xa4,0x90,0x01,0x00,0x1c,0xa2,0x00,0x00 /* 900660 ................ */
	.byte 0xd8,0x9d,0x00,0x00,0x24,0xa2,0x00,0x00,0x6c,0x64,0x00,0x00,0x0c,0x7c,0x00,0x00 /* 900670 ....$...ld...|.. */
	.byte 0xac,0x78,0x00,0x00,0xb0,0x7c,0x00,0x00,0xc4,0xd5,0x02,0x00,0x9c,0x62,0x00,0x00 /* 900680 .x...|.......b.. */
	.byte 0xd4,0xd5,0x02,0x00,0x00,0x00,0x00,0x00,0x38,0x54,0x03,0x00,0x1c,0xa2,0x00,0x00 /* 900690 ........8T...... */
	.byte 0x60,0x9f,0x00,0x00,0x24,0xa2,0x00,0x00,0x6c,0x64,0x00,0x00,0x50,0x7b,0x00,0x00 /* 9006a0 `...$...ld..P{.. */
	.byte 0xdc,0x76,0x00,0x00,0x74,0x7c,0x00,0x00,0xb8,0xd5,0x02,0x00,0x98,0x62,0x00,0x00 /* 9006b0 .v..t|.......b.. */
	.byte 0xd4,0xd5,0x02,0x00,0x00,0x00,0x00,0x00,0xa4,0x90,0x01,0x00,0x1c,0xa2,0x00,0x00 /* 9006c0 ................ */
	.byte 0xd8,0x9d,0x00,0x00,0x24,0xa2,0x00,0x00,0x6c,0x64,0x00,0x00,0x08,0x7b,0x00,0x00 /* 9006d0 ....$...ld...{.. */
	.byte 0xc0,0x76,0x00,0x00,0x60,0x7c,0x00,0x00,0xb4,0xd5,0x02,0x00,0x98,0x62,0x00,0x00 /* 9006e0 .v..`|.......b.. */
	.byte 0xd4,0xd5,0x02,0x00,0x00,0x00,0x00,0x00,0xec,0x15,0x03,0x00,0x00,0x00,0x00,0x00 /* 9006f0 ................ */
	.4byte wmi__host_cmd_dispatch - 0x008c0000 /* 900700 */
	.byte 0x38,0xa8,0x02,0x00,0x28,0x98,0x02,0x00,0x00,0x00,0x00,0x00     /* 900704 8...(....... */
	.4byte discovery__rx_pkt_handler - 0x008c0000 /* 900710 */
	.byte 0x00,0x00,0x00,0x00,0x40,0xc7,0x00,0x00,0x00,0x00,0x00,0x00,0x98,0xc9,0x00,0x00 /* 900714 ....@........... */
	.byte 0x7c,0x56,0x02,0x00,0xe8,0xad,0x00,0x00,0x00,0x00,0x00,0x00,0xa4,0x90,0x01,0x00 /* 900724 |V.............. */
	.byte 0x1c,0xa2,0x00,0x00,0xd8,0x9d,0x00,0x00,0x24,0xa2,0x00,0x00,0x6c,0x64,0x00,0x00 /* 900734 ........$...ld.. */
	.byte 0x58,0x7b,0x00,0x00,0x50,0x77,0x00,0x00,0x7c,0x7c,0x00,0x00,0xbc,0xd5,0x02,0x00 /* 900744 X{..Pw..||...... */
	.byte 0x98,0x62,0x00,0x00,0xd4,0xd5,0x02,0x00,0x00,0x00,0x00,0x00     /* 900754 .b.......... */
	.4byte periodic_service__start - 0x008c0000 /* 900760 */
	.4byte detector__arm_timer - 0x008c0000 /* 900764 */
	.4byte ka_necessity_detector__task - 0x008c0000 /* 900768 */
	.4byte periodic_service__run - 0x008c0000 /* 90076c */
	.byte 0x00,0x00,0x00,0x00,0x84,0xf0,0x01,0x00,0x00,0x00,0x00,0x00     /* 900770 ............ */
	.4byte retry__try_next - 0x008c0000 /* 90077c */
	.byte 0x2c,0x8f,0x03,0x00,0xa8,0x36,0x03,0x00,0xf8,0x9c,0x03,0x00,0xcc,0xd5,0x02,0x00 /* 900780 ,....6.......... */
	.byte 0x00,0x00,0x00,0x00                                             /* 900790 .... */
	.4byte wmi__host_cmd_dispatch - 0x008c0000 /* 900794 */
	.byte 0x0c,0xa8,0x02,0x00,0x18,0x98,0x02,0x00,0x00,0x00,0x00,0x00     /* 900798 ............ */
	.4byte periodic_service__start - 0x008c0000 /* 9007a4 */
	.4byte detector__arm_timer - 0x008c0000 /* 9007a8 */
	.4byte phy_stats__dump - 0x008c0000 /* 9007ac */
	.4byte periodic_service__run - 0x008c0000 /* 9007b0 */
	.4byte phy_monitor__on_system_state - 0x008c0000 /* 9007b4 */
	.byte 0x00,0x00,0x00,0x00                                             /* 9007b8 .... */
	.4byte ps_assoc_mgr__vt04 - 0x008c0000 /* 9007bc */
	.4byte ps_assoc_mgr__shallow_sleep_enter - 0x008c0000 /* 9007c0 */
	.byte 0x70,0x13,0x02,0x00,0x38,0x13,0x02,0x00,0xe4,0xa4,0x01,0x00,0x0c,0xa5,0x01,0x00 /* 9007c4 p...8........... */
	.byte 0xbc,0x16,0x02,0x00,0x58,0x16,0x02,0x00,0x9c,0xd5,0x02,0x00,0x88,0xc4,0x00,0x00 /* 9007d4 ....X........... */
	.byte 0x00,0x00,0x00,0x00,0x64,0x13,0x02,0x00,0x2c,0x13,0x02,0x00,0xd8,0xa4,0x01,0x00 /* 9007e4 ....d...,....... */
	.byte 0x00,0xa5,0x01,0x00,0xb0,0x16,0x02,0x00,0x38,0x16,0x02,0x00,0x00,0x00,0x00,0x00 /* 9007f4 ........8....... */
	.byte 0x98,0x8e,0x01,0x00,0xe0,0x14,0x02,0x00,0x84,0x13,0x02,0x00,0x4c,0x13,0x02,0x00 /* 900804 ............L... */
	.byte 0xf8,0xa4,0x01,0x00,0x20,0xa5,0x01,0x00,0xd0,0x16,0x02,0x00,0x80,0x16,0x02,0x00 /* 900814 .... ........... */
	.byte 0x9c,0xd5,0x02,0x00,0x8c,0xc4,0x00,0x00,0x00,0x00,0x00,0x00,0x78,0x13,0x02,0x00 /* 900824 ............x... */
	.byte 0x40,0x13,0x02,0x00,0xec,0xa4,0x01,0x00,0x14,0xa5,0x01,0x00,0xc4,0x16,0x02,0x00 /* 900834 @............... */
	.byte 0x60,0x16,0x02,0x00,0x00,0x00,0x00,0x00,0xa0,0x6c,0x02,0x00,0xec,0xc9,0x01,0x00 /* 900844 `........l...... */
	.byte 0x9c,0xca,0x01,0x00,0xf0,0xa7,0x02,0x00,0xc8,0x4d,0x02,0x00,0x34,0x27,0x02,0x00 /* 900854 .........M..4'.. */
	.byte 0x10,0xc1,0x00,0x00,0x50,0xc1,0x00,0x00,0x84,0xa6,0x02,0x00,0xe4,0xd5,0x02,0x00 /* 900864 ....P........... */
	.byte 0x00,0x00,0x00,0x00                                             /* 900874 .... */
	.4byte L_8e0a84 - 0x008c0000 /* 900878 */
	.4byte rx_pkt_srvs__dispatch - 0x008c0000 /* 90087c */
	.byte 0x00,0x00,0x00,0x00,0x8c,0xd5,0x02,0x00,0x00,0x00,0x00,0x00,0xa0,0x43,0x00,0x00 /* 900880 .............C.. */
	.byte 0x40,0x0e,0x02,0x00                                             /* 900890 @... */
	.4byte vring__vcall_14_x2 - 0x008c0000 /* 900894 */
	.byte 0x08,0x24,0x02,0x00,0x94,0x42,0x00,0x00,0x24,0x41,0x00,0x00     /* 900898 .$...B..$A.. */
	.4byte ba__send_status_report_for_vring - 0x008c0000 /* 9008a4 */
	.byte 0x2c,0x82,0x02,0x00,0x00,0x00,0x00,0x00                         /* 9008a8 ,....... */
	.4byte tx_ring__post_frame - 0x008c0000 /* 9008b0 */
	.byte 0xf0,0x60,0x02,0x00,0xe0,0xc8,0x00,0x00,0x04,0x98,0x02,0x00,0xd0,0xd5,0x02,0x00 /* 9008b4 .`.............. */
	.byte 0x00,0x00,0x00,0x00                                             /* 9008c4 .... */
	.4byte periodic_service__start - 0x008c0000 /* 9008c8 */
	.4byte detector__arm_timer - 0x008c0000 /* 9008cc */
	.4byte tx_ppdu_ageing_timeout_detector__task - 0x008c0000 /* 9008d0 */
	.4byte periodic_service__run - 0x008c0000 /* 9008d4 */
	.byte 0x00,0x00,0x00,0x00,0xe0,0xd5,0x02,0x00,0x00,0x00,0x00,0x00,0x28,0xc2,0x00,0x00 /* 9008d8 ............(... */
	.byte 0x00,0x00,0x00,0x00                                             /* 9008e8 .... */
	.4byte vring__reset_pair_b - 0x008c0000 /* 9008ec */
	.4byte vring__reset_pair - 0x008c0000 /* 9008f0 */
	.byte 0xfc,0x2e,0x00,0x00,0x24,0x8f,0x00,0x00,0xd4,0x80,0x02,0x00,0xe8,0x2c,0x02,0x00 /* 9008f4 ....$........,.. */
	.byte 0x28,0x12,0x02,0x00,0x1c,0x37,0x00,0x00,0x5c,0xd0,0x00,0x00,0x34,0xd0,0x00,0x00 /* 900904 (....7..\...4... */
	.byte 0x24,0x69,0x00,0x00,0x00,0x00,0x00,0x00,0x4c,0x98,0x00,0x00,0x98,0xd5,0x02,0x00 /* 900914 $i......L....... */
	.byte 0xcc,0x2f,0x00,0x00,0x64,0x8f,0x00,0x00,0x9c,0x81,0x02,0x00,0x54,0x2d,0x02,0x00 /* 900924 ./..d.......T-.. */
	.byte 0xbc,0xd9,0x02,0x00,0x94,0xd5,0x02,0x00,0x78,0xd0,0x00,0x00,0x50,0xd0,0x00,0x00 /* 900934 ........x...P... */
	.byte 0x38,0x69,0x00,0x00,0x21,0x00,0x00,0x00,0x22,0x00,0x00,0x00,0x23,0x00,0x00,0x00 /* 900944 8i..!..."...#... */
	.byte 0x00,0x00,0x00,0x00,0x00,0x01,0x00,0x00,0x01,0x01,0x00,0x00,0x02,0x01,0x00,0x00 /* 900954 ................ */
	.byte 0x00,0x00,0x00,0x00,0x00,0x00,0x00,0x01,0x0a,0x00,0x00,0x01,0x14,0x00,0x00,0x01 /* 900964 ................ */
	.byte 0x1e,0x00,0x00,0x01,0x28,0x00,0x00,0x01,0x32,0x00,0x00,0x01,0x3c,0x00,0x00,0x01 /* 900974 ....(...2...<... */
	.byte 0x46,0x00,0x00,0x01,0x50,0x00,0x00,0x01,0x5a,0x00,0x00,0x01,0x64,0x00,0x00,0x01 /* 900984 F...P...Z...d... */
	.byte 0x6e,0x00,0x00,0x01,0x78,0x00,0x00,0x01,0x82,0x00,0x00,0x01,0x8c,0x00,0x00,0x01 /* 900994 n...x........... */
	.byte 0x96,0x00,0x00,0x01,0x00,0x00,0x00,0x00,0x34,0x19,0x00,0x00,0x00,0x00,0x00,0x00 /* 9009a4 ........4....... */
	.byte 0x00,0x00,0x00,0x00,0x00,0x00,0x00,0x00,0x00,0x00,0x00,0x00,0x00,0x00,0x00,0x00 /* 9009b4 ................ */
	.byte 0x00,0x00,0x00,0x00,0x00,0x00,0x00,0x00,0x00,0x00,0x00,0x00,0x00,0x00,0x00,0x00 /* 9009c4 ................ */
	.byte 0x00,0x00,0x00,0x00,0x00,0x00,0x00,0x00,0x00,0x00,0x00,0x00,0x00,0x00,0x00,0x00 /* 9009d4 ................ */
	.byte 0x00,0x00,0x00,0x00,0x00,0x00,0x00,0x00,0x00,0x00,0x00,0x00,0x00,0x00,0x00,0x00 /* 9009e4 ................ */
	.byte 0x00,0x00,0x00,0x00,0x00,0x00,0x00,0x00,0x00,0x00,0x00,0x00,0x00,0x00,0x00,0x00 /* 9009f4 ................ */
	.byte 0x00,0x00,0x00,0x00,0x00,0x00,0x00,0x00,0x00,0x00,0x00,0x00,0x00,0x00,0x00,0x00 /* 900a04 ................ */
	.byte 0x00,0x00,0x00,0x00,0x00,0x00,0x00,0x00,0x00,0x00,0x00,0x00,0x00,0x00,0x00,0x00 /* 900a14 ................ */
	.byte 0x00,0x00,0x00,0x00,0x00,0x00,0x00,0x00,0x00,0x00,0x00,0x00,0x00,0x00,0x00,0x00 /* 900a24 ................ */
	.byte 0x00,0x00,0x00,0x00,0x00,0x00,0x00,0x00,0x00,0x00,0x00,0x00,0x00,0x00,0x00,0x00 /* 900a34 ................ */
	.byte 0xf8,0x1a,0x00,0x00,0x00,0x00,0x00,0x00,0xc4,0xf7,0x01,0x01,0xdc,0xf7,0x01,0x01 /* 900a44 ................ */
	.byte 0xf7,0xf7,0x01,0x01,0x0e,0xf8,0x01,0x01,0x2d,0xf8,0x01,0x01,0x00,0x02,0x00,0x00 /* 900a54 ........-....... */
	.byte 0x00,0x00,0x00,0x01,0x0a,0x01,0x00,0x00,0x00,0x02,0x01,0x00,0x00,0x00,0x00,0x00 /* 900a64 ................ */
	.byte 0x00,0x00,0x00,0x00,0x00,0x00,0x00,0x00,0x00,0x00,0x00,0x00,0x00,0x00,0x00,0x02 /* 900a74 ................ */
	.byte 0xff,0x02,0xff,0xff,0x00,0x00,0x01,0x00,0x00,0x00,0x00,0x00,0x00,0x00,0x00,0x00 /* 900a84 ................ */
	.byte 0x00,0x00,0x00,0x00,0x00,0x00,0x00,0x00,0x00,0x00,0x00,0x00,0x00,0x00,0x00,0x00 /* 900a94 ................ */
	.byte 0x00,0x00,0x00,0x00,0x44,0xf8,0x01,0x01,0x50,0xf8,0x01,0x01,0x5b,0xf8,0x01,0x01 /* 900aa4 ....D...P...[... */
	.byte 0x66,0xf8,0x01,0x01,0x70,0xf8,0x01,0x01,0x7b,0xf8,0x01,0x01,0x00,0x00,0x00,0x00 /* 900ab4 f...p...{....... */
	.byte 0xe0,0x1b,0x00,0x00,0x00,0x00,0x00,0x00,0x98,0xf8,0x01,0x01,0xa4,0xf8,0x01,0x01 /* 900ac4 ................ */
	.byte 0xb3,0xf8,0x01,0x01,0xbe,0xf8,0x01,0x01,0xc9,0xf8,0x01,0x01,0xd3,0xf8,0x01,0x01 /* 900ad4 ................ */
	.byte 0xde,0xf8,0x01,0x01,0xf1,0xf8,0x01,0x01,0x08,0xf9,0x01,0x01,0x00,0x00,0x00,0x00 /* 900ae4 ................ */
	.byte 0xc8,0x1b,0x00,0x00,0x00,0x00,0x00,0x00,0x2c,0xf9,0x01,0x01,0x2f,0xf9,0x01,0x01 /* 900af4 ........,.../... */
	.byte 0x3e,0xf9,0x01,0x01,0x45,0xf9,0x01,0x01,0x4d,0xf9,0x01,0x01,0x5e,0xf9,0x01,0x01 /* 900b04 >...E...M...^... */
	.byte 0x6f,0xf9,0x01,0x01,0x79,0xf9,0x01,0x01,0x86,0xf9,0x01,0x01,0x95,0xf9,0x01,0x01 /* 900b14 o...y........... */
	.byte 0x9f,0xf9,0x01,0x01,0x00,0x00,0x00,0x00,0xb0,0x1b,0x00,0x00,0x00,0x00,0x00,0x00 /* 900b24 ................ */
	.byte 0xc4,0xf9,0x01,0x01,0xc7,0xf9,0x01,0x01,0xd6,0xf9,0x01,0x01,0xda,0xf9,0x01,0x01 /* 900b34 ................ */
	.byte 0xea,0xf9,0x01,0x01,0xee,0xf9,0x01,0x01,0xfe,0xf9,0x01,0x01,0x0d,0xfa,0x01,0x01 /* 900b44 ................ */
	.byte 0x1c,0xfa,0x01,0x01,0x28,0xfa,0x01,0x01,0x34,0xfa,0x01,0x01,0x3f,0xfa,0x01,0x01 /* 900b54 ....(...4...?... */
	.byte 0x4c,0xfa,0x01,0x01,0x52,0xfa,0x01,0x01,0x00,0x00,0x00,0x00,0xd4,0x1b,0x00,0x00 /* 900b64 L...R........... */
	.byte 0x00,0x00,0x00,0x00,0x74,0xfa,0x01,0x01,0x82,0xfa,0x01,0x01,0x90,0xfa,0x01,0x01 /* 900b74 ....t........... */
	.byte 0xa4,0xfa,0x01,0x01,0xb4,0xfa,0x01,0x01,0xc9,0xfa,0x01,0x01,0x00,0x00,0x00,0x00 /* 900b84 ................ */
	.byte 0xbc,0x1b,0x00,0x00,0x00,0x00,0x00,0x00,0xe8,0xfa,0x01,0x01,0xf0,0xfa,0x01,0x01 /* 900b94 ................ */
	.byte 0x04,0xfb,0x01,0x01,0x0b,0xfb,0x01,0x01,0x11,0xfb,0x01,0x01,0x1b,0xfb,0x01,0x01 /* 900ba4 ................ */
	.byte 0x30,0xfb,0x01,0x01,0x00,0x00,0x00,0x00,0x10,0x1c,0x00,0x00,0x00,0x00,0x00,0x00 /* 900bb4 0............... */
	.byte 0x00,0x00,0x00,0x00,0xe8,0x1a,0x00,0x00,0x00,0x00,0x00,0x00,0x00,0x00,0x00,0x00 /* 900bc4 ................ */
	.byte 0xac,0x1a,0x00,0x00,0x00,0x00,0x00,0x00,0x20,0x13,0x5a,0x13,0x01,0x00,0x00,0x00 /* 900bd4 ........ .Z..... */
	.byte 0x20,0x13,0x5a,0x13,0x03,0x00,0x00,0x00,0x20,0x13,0x5a,0x13,0x02,0x00,0x00,0x00 /* 900be4  .Z..... .Z..... */
	.byte 0x73,0x13,0x5f,0x13,0x03,0x00,0x00,0x00,0x02,0x00,0x00,0x00,0x04,0x00,0x04,0x00 /* 900bf4 s._............. */
	.byte 0x04,0x00,0x07,0x00,0x01,0x00,0x01,0x00,0x02,0x00,0x00,0x00,0x00,0x00,0x00,0x00 /* 900c04 ................ */
	.byte 0x2c,0x1a,0x00,0x00,0x00,0x00,0x00,0x00,0x00,0x00,0x00,0x00,0x9c,0x19,0x00,0x00 /* 900c14 ,............... */
	.byte 0x00,0x00,0x00,0x00,0x00,0x00,0x00,0x00,0x0c,0x1a,0x00,0x00,0x00,0x00,0x00,0x00 /* 900c24 ................ */
	.byte 0x84,0x54,0x00,0x00,0x45,0x15,0x00,0x00,0x46,0x15,0x00,0x00,0x47,0x15,0x00,0x00 /* 900c34 .T..E...F...G... */
	.byte 0x0c,0x53,0x00,0x00,0x0d,0x04,0x00,0x00,0x0e,0x04,0x00,0x00,0x0f,0x51,0x00,0x00 /* 900c44 .S...........Q.. */
	.byte 0x0f,0x51,0x00,0x00,0x00,0x00,0x00,0x00,0x5c,0x1a,0x00,0x00,0x00,0x00,0x00,0x00 /* 900c54 .Q......\....... */
	.byte 0x0a,0x32,0x46,0x00,0x44,0x00,0x04,0x00,0x66,0x00,0x04,0x00,0x88,0x00,0x04,0x00 /* 900c64 .2F.D...f....... */
	.byte 0xaa,0x00,0x04,0x00,0x00,0x00,0x00,0x00,0x00,0x00,0x00,0x00,0x00,0x00,0x00,0x00 /* 900c74 ................ */
	.byte 0x00,0x00,0x00,0x00,0x00,0x00,0x00,0x00,0x00,0x00,0x00,0x00,0x00,0x00,0x00,0x00 /* 900c84 ................ */
	.byte 0x00,0x00,0x00,0x00,0x00,0x00,0x00,0x00,0x0a,0x32,0x46,0x00,0x59,0x30,0x01,0x00 /* 900c94 .........2F.Y0.. */
	.byte 0x88,0x10,0x01,0x00,0x5d,0x00,0x01,0x00,0xcc,0x00,0x01,0x00,0x0a,0x32,0x46,0x00 /* 900ca4 ....]........2F. */
	.byte 0x35,0x80,0x00,0x00,0x35,0x80,0x00,0x00,0x35,0x80,0x00,0x00,0x45,0x80,0x00,0x00 /* 900cb4 5...5...5...E... */
	.byte 0x5a,0x80,0x00,0x00,0x79,0x80,0x00,0x00,0xab,0x80,0x00,0x00,0xcc,0x80,0x00,0x00 /* 900cc4 Z...y........... */
	.byte 0x0a,0x32,0x46,0xfb,0xf6,0xf1,0xf1,0x00,0x00,0x00,0x00,0x00,0x00,0x00,0x00,0x00 /* 900cd4 .2F............. */
	.byte 0x00,0x00,0x00,0x00,0x00,0x00,0x00,0x00,0x00,0x00,0x00,0x00,0x00,0x00,0x00,0x00 /* 900ce4 ................ */
	.byte 0x00,0x00,0x00,0x00,0x00,0x00,0x00,0x00,0x00,0x00,0x00,0x00,0x00,0x00,0x00,0x00 /* 900cf4 ................ */
	.byte 0x0a,0x32,0x46,0x00,0x44,0x00,0x04,0x00,0xcc,0x00,0x04,0x00,0xcc,0x00,0x04,0x00 /* 900d04 .2F.D........... */
	.byte 0xff,0x00,0x04,0x00,0x0a,0x32,0x46,0x00                         /* 900d14 .....2F. */
	.4byte maintain_sm__config_mcs_en_vec - 0x008c0000 /* 900d1c */
	.4byte maintain_sm__config_mcs_en_vec - 0x008c0000 /* 900d20 */
	.4byte maintain_sm__config_mcs_en_vec - 0x008c0000 /* 900d24 */
	.4byte maintain_sm__config_mcs_en_vec - 0x008c0000 /* 900d28 */
	.byte 0x44,0x84,0x00,0x00,0x99,0x89,0x00,0x00,0xbb,0x8b,0x00,0x00,0xcc,0x8c,0x00,0x00 /* 900d2c D............... */
	.byte 0x0a,0x32,0x46,0x00,0x59,0x30,0x01,0x00,0x88,0x10,0x01,0x00,0x5d,0x00,0x01,0x00 /* 900d3c .2F.Y0......]... */
	.byte 0xcc,0x00,0x01,0x00,0x0a,0x32,0x46,0x00,0x35,0x80,0x00,0x00,0x35,0x80,0x00,0x00 /* 900d4c .....2F.5...5... */
	.byte 0x35,0x80,0x00,0x00,0x45,0x80,0x00,0x00,0x5a,0x80,0x00,0x00,0x79,0x80,0x00,0x00 /* 900d5c 5...E...Z...y... */
	.byte 0xab,0x80,0x00,0x00,0xcc,0x80,0x00,0x00,0x0a,0x32,0x46,0x02,0x03,0x03,0x02,0x00 /* 900d6c .........2F..... */
	.byte 0x00,0x00,0x00,0x00,0x00,0x00,0x00,0x00,0x00,0x00,0x00,0x00,0x00,0x00,0x00,0x00 /* 900d7c ................ */
	.byte 0x00,0x00,0x00,0x00,0x00,0x00,0x00,0x00,0x00,0x00,0x00,0x00,0x00,0x00,0x00,0x00 /* 900d8c ................ */
	.byte 0x00,0x00,0x00,0x00,0x00,0x00,0x00,0x00,0xb8,0x30,0x84,0x00,0xe0,0x30,0x84,0x00 /* 900d9c .........0...0.. */
	.byte 0x08,0x31,0x84,0x00,0x30,0x31,0x84,0x00,0x5c,0x4b,0x80,0x00,0xe4,0x7a,0x84,0x00 /* 900dac .1..01..\K...z.. */
	.byte 0x00,0x00,0x00,0x00                                             /* 900dbc .... */
	.4byte boot__install_handler_ptrs - 0x008c0000 /* 900dc0 */
	.byte 0x00,0x00,0x00,0x00,0x44,0xfb,0x01,0x01,0x48,0xfb,0x01,0x01,0x53,0xfb,0x01,0x01 /* 900dc4 ....D...H...S... */
	.byte 0x5b,0xfb,0x01,0x01,0x66,0xfb,0x01,0x01,0x72,0xfb,0x01,0x01,0x7b,0xfb,0x01,0x01 /* 900dd4 [...f...r...{... */
	.byte 0x80,0xfb,0x01,0x01,0x98,0xfb,0x01,0x01,0xac,0xfb,0x01,0x01,0xb7,0xfb,0x01,0x01 /* 900de4 ................ */
	.byte 0xc1,0xfb,0x01,0x01,0xda,0xfb,0x01,0x01,0xe9,0xfb,0x01,0x01,0xf7,0xfb,0x01,0x01 /* 900df4 ................ */
	.byte 0x06,0xfc,0x01,0x01,0x00,0x00,0x00,0x00,0x00,0x00,0x00,0x00,0x00,0x00,0x00,0x00 /* 900e04 ................ */
	.byte 0x00,0x00,0x00,0x00,0x00,0x00,0x00,0x00,0x00,0x00,0x00,0x00,0x00,0x00,0x00,0x00 /* 900e14 ................ */
	.byte 0x44,0x1b,0x00,0x00,0x00,0x00,0x00,0x00,0x00,0x00,0x00,0x00,0x02,0x00,0x00,0x00 /* 900e24 D............... */
	.byte 0x00,0x00,0x00,0x00,0x00,0x00,0x00,0x00,0x02,0x00,0x00,0x00,0x00,0x00,0x00,0x00 /* 900e34 ................ */
	.byte 0x00,0x00,0x00,0x00,0x02,0x00,0x00,0x00,0x00,0x00,0x00,0x00,0x00,0x00,0x00,0x00 /* 900e44 ................ */
	.byte 0x02,0x00,0x00,0x00,0x00,0x00,0x00,0x00,0x00,0x00,0x00,0x00,0x02,0x00,0x00,0x00 /* 900e54 ................ */
	.byte 0x00,0x00,0x00,0x00,0x00,0x00,0x00,0x00,0x02,0x00,0x00,0x00,0x00,0x00,0x00,0x00 /* 900e64 ................ */
	.byte 0x00,0x00,0x00,0x00,0x01,0x00,0x00,0x00,0x03,0x00,0x00,0x00,0x00,0x00,0x00,0x00 /* 900e74 ................ */
	.byte 0x00,0x00,0x00,0x00,0x03,0x00,0x00,0x00,0x00,0x00,0x00,0x00,0x00,0x00,0x00,0x00 /* 900e84 ................ */
	.byte 0x03,0x00,0x00,0x00,0x00,0x00,0x00,0x00,0x00,0x00,0x00,0x00,0x02,0x00,0x00,0x00 /* 900e94 ................ */
	.byte 0x00,0x00,0x00,0x00,0x00,0x00,0x00,0x00,0x03,0x00,0x00,0x00,0x00,0x00,0x00,0x00 /* 900ea4 ................ */
	.byte 0x00,0x00,0x00,0x00,0x02,0x00,0x00,0x00,0x00,0x00,0x00,0x00,0x00,0x00,0x00,0x00 /* 900eb4 ................ */
	.byte 0x01,0x00,0x00,0x00,0x02,0x00,0x00,0x00,0x00,0x00,0x00,0x00,0x00,0x00,0x00,0x00 /* 900ec4 ................ */
	.byte 0x02,0x00,0x00,0x00,0x00,0x00,0x00,0x00,0x00,0x00,0x00,0x00,0x02,0x00,0x00,0x00 /* 900ed4 ................ */
	.byte 0x00,0x00,0x00,0x00,0x00,0x00,0x00,0x00,0x02,0x00,0x00,0x00,0x00,0x00,0x00,0x00 /* 900ee4 ................ */
	.byte 0x00,0x00,0x00,0x00,0x03,0x00,0x00,0x00,0x00,0x00,0x10,0x00,0x00,0x00,0x00,0x00 /* 900ef4 ................ */
	.byte 0x02,0x00,0x00,0x00,0x00,0x00,0x00,0x00,0x00,0x00,0x00,0x00,0x00,0x00,0x00,0x00 /* 900f04 ................ */
	.byte 0x03,0x00,0x00,0x00,0x51,0x00,0x10,0x00                         /* 900f14 ....Q... */
	.4byte __ld_gp_to_r13_ret - 0x008c0000 /* 900f1c */
	.byte 0x0f,0x00,0x00,0x00,0x55,0x00,0x10,0x00,0xf4,0x01,0x64,0x00,0x03,0x00,0x00,0x00 /* 900f20 ....U.....d..... */
	.byte 0x51,0x00,0x10,0x00                                             /* 900f30 Q... */
	.4byte __ld_gp_to_r13_ret - 0x008c0000 /* 900f34 */
	.byte 0x02,0x00,0x00,0x00,0x00,0x00,0x00,0x00,0x00,0x00,0x00,0x00,0x03,0x00,0x00,0x00 /* 900f38 ................ */
	.byte 0x02,0x50,0x10,0x00,0xf4,0x01,0x19,0x00,0x03,0x00,0x00,0x00,0x07,0x00,0x10,0x00 /* 900f48 .P.............. */
	.4byte __ld_gp_to_r13_ret - 0x008c0000 /* 900f58 */
	.byte 0x00,0x00,0x00,0x00,0x03,0x00,0x00,0x00,0x51,0x00,0x10,0x00     /* 900f5c ........Q... */
	.4byte __ld_gp_to_r13_ret - 0x008c0000 /* 900f68 */
	.byte 0x0f,0x00,0x00,0x00,0x55,0x00,0x10,0x00,0xf4,0x01,0x64,0x00,0x03,0x00,0x00,0x00 /* 900f6c ....U.....d..... */
	.byte 0x51,0x00,0x10,0x00                                             /* 900f7c Q... */
	.4byte __ld_gp_to_r13_ret - 0x008c0000 /* 900f80 */
	.byte 0x02,0x00,0x00,0x00,0x00,0x00,0x00,0x00,0x00,0x00,0x00,0x00,0x03,0x00,0x00,0x00 /* 900f84 ................ */
	.byte 0x02,0x50,0x00,0x00                                             /* 900f94 .P.. */
	.4byte __ld_gp_to_r13_ret - 0x008c0000 /* 900f98 */
	.byte 0x03,0x00,0x00,0x00,0x07,0x00,0x00,0x00                         /* 900f9c ........ */
	.4byte __ld_gp_to_r13_ret - 0x008c0000 /* 900fa4 */
	.byte 0x01,0x00,0x00,0x00,0x02,0x00,0x00,0x00,0x03,0x00,0x00,0x00,0x00,0x00,0x00,0x00 /* 900fa8 ................ */
	.byte 0x03,0x00,0x00,0x00,0x01,0x00,0x00,0x00,0x01,0x00,0x00,0x00,0x03,0x00,0x00,0x00 /* 900fb8 ................ */
	.byte 0x04,0x00,0x00,0x00,0x03,0x00,0x00,0x00,0xe2,0xff,0xff,0xff,0x00,0x00,0x00,0x00 /* 900fc8 ................ */
	.byte 0x55,0x00,0x00,0x00,0x4b,0x00,0x00,0x00,0xe2,0xff,0xff,0xff,0x00,0x00,0x00,0x00 /* 900fd8 U...K........... */
	.byte 0xc8,0x00,0x00,0x00,0xbe,0x00,0x00,0x00,0x20,0xfc,0x01,0x01,0x28,0xfc,0x01,0x01 /* 900fe8 ........ ...(... */
	.byte 0x31,0xfc,0x01,0x01,0x42,0xfc,0x01,0x01,0x4b,0xfc,0x01,0x01,0x55,0xfc,0x01,0x01 /* 900ff8 1...B...K...U... */
	.byte 0x62,0xfc,0x01,0x01,0x00,0x00,0x00,0x00,0xec,0x1b,0x00,0x00,0x00,0x00,0x00,0x00 /* 901008 b............... */
	.byte 0x00,0x00,0x00,0x00,0xec,0x19,0x00,0x00,0x00,0x00,0x00,0x00,0x00,0x00,0x00,0x00 /* 901018 ................ */
	.byte 0xbc,0x1a,0x00,0x00,0x00,0x00,0x00,0x00,0x00,0x00,0x00,0x00,0xd4,0x1a,0x00,0x00 /* 901028 ................ */
	.byte 0x00,0x00,0x00,0x00,0xfc,0xff,0xff,0xff,0xfe,0xff,0xff,0xff,0x01,0x00,0x00,0x00 /* 901038 ................ */
	.byte 0x11,0x00,0x00,0x00,0x02,0x00,0x00,0x00,0x06,0x00,0x00,0x00,0x0a,0x00,0x00,0x00 /* 901048 ................ */
	.byte 0x0e,0x00,0x00,0x00,0x03,0x00,0x00,0x00,0x06,0x00,0x00,0x00,0x08,0x00,0x00,0x00 /* 901058 ................ */
	.byte 0x0a,0x00,0x00,0x00,0x00,0x00,0x00,0x00,0x28,0x1c,0x00,0x00,0x00,0x00,0x00,0x00 /* 901068 ........(....... */
	.byte 0x7c,0xfc,0x01,0x01,0x88,0xfc,0x01,0x01,0x92,0xfc,0x01,0x01,0x9d,0xfc,0x01,0x01 /* 901078 |............... */
	.byte 0xa9,0xfc,0x01,0x01,0xb8,0xfc,0x01,0x01,0xc8,0xfc,0x01,0x01,0xe1,0xfc,0x01,0x01 /* 901088 ................ */
	.byte 0xf4,0xfc,0x01,0x01,0x05,0xfd,0x01,0x01,0x17,0xfd,0x01,0x01,0x2d,0xfd,0x01,0x01 /* 901098 ............-... */
	.byte 0x40,0xfd,0x01,0x01,0x5b,0xfd,0x01,0x01,0x77,0xfd,0x01,0x01,0x88,0xfd,0x01,0x01 /* 9010a8 @...[...w....... */
	.byte 0xa1,0xfd,0x01,0x01,0x00,0x00,0x00,0x00,0xa4,0x1b,0x00,0x00,0x00,0x00,0x00,0x00 /* 9010b8 ................ */
	.byte 0xbc,0xfd,0x01,0x01,0xc8,0xfd,0x01,0x01,0xd9,0xfd,0x01,0x01,0xe9,0xfd,0x01,0x01 /* 9010c8 ................ */
	.byte 0xf9,0xfd,0x01,0x01,0x0d,0xfe,0x01,0x01,0x18,0xfe,0x01,0x01,0x2a,0xfe,0x01,0x01 /* 9010d8 ............*... */
	.byte 0x34,0xfe,0x01,0x01,0x45,0xfe,0x01,0x01,0x5b,0xfe,0x01,0x01,0x6a,0xfe,0x01,0x01 /* 9010e8 4...E...[...j... */
	.byte 0x7c,0xfe,0x01,0x01,0x8d,0xfe,0x01,0x01,0xa4,0xfe,0x01,0x01,0xba,0xfe,0x01,0x01 /* 9010f8 |............... */
	.byte 0xd0,0xfe,0x01,0x01,0xe9,0xfe,0x01,0x01,0xf9,0xfe,0x01,0x01,0x12,0xff,0x01,0x01 /* 901108 ................ */
	.byte 0x00,0x00,0x00,0x00,0x5c,0x1b,0x00,0x00,0x00,0x00,0x00,0x00,0x47,0xff,0x01,0x01 /* 901118 ....\.......G... */
	.byte 0x58,0xff,0x01,0x01,0x73,0xff,0x01,0x01,0x8d,0xff,0x01,0x01,0xa4,0xff,0x01,0x01 /* 901128 X...s........... */
	.byte 0xbd,0xff,0x01,0x01,0xd2,0xff,0x01,0x01,0x00,0x00,0x00,0x00,0x50,0x1b,0x00,0x00 /* 901138 ............P... */
	.byte 0x00,0x00,0x00,0x00,0xff,0xff,0xff,0xff,0xff,0xff,0xff,0xff,0xff,0xff,0xff,0xff /* 901148 ................ */
	.byte 0xff,0xff,0xff,0xff,0xff,0xff,0xff,0xff,0xff,0xff,0xff,0xff,0xff,0xff,0xff,0xff /* 901158 ................ */
	.byte 0xff,0xff,0xff,0xff,0xff,0xff,0xff,0xff,0x03,0x00,0x00,0x00,0x04,0x00,0x00,0x00 /* 901168 ................ */
	.byte 0x05,0x00,0x00,0x00,0x07,0x00,0x00,0x00,0x08,0x00,0x00,0x00,0x0a,0x00,0x00,0x00 /* 901178 ................ */
	.byte 0x0d,0x00,0x00,0x00,0x10,0x00,0x00,0x00,0x13,0x00,0x00,0x00,0x17,0x00,0x00,0x00 /* 901188 ................ */
	.byte 0x1c,0x00,0x00,0x00,0x22,0x00,0x00,0x00,0x29,0x00,0x00,0x00,0x30,0x00,0x00,0x00 /* 901198 ...."...)...0... */
	.byte 0x39,0x00,0x00,0x00,0x42,0x00,0x00,0x00,0x4c,0x00,0x00,0x00,0x57,0x00,0x00,0x00 /* 9011a8 9...B...L...W... */
	.byte 0x63,0x00,0x00,0x00,0x70,0x00,0x00,0x00,0x7d,0x00,0x00,0x00,0x8a,0x00,0x00,0x00 /* 9011b8 c...p...}....... */
	.byte 0x98,0x00,0x00,0x00,0xa7,0x00,0x00,0x00,0xb5,0x00,0x00,0x00,0xc4,0x00,0x00,0x00 /* 9011c8 ................ */
	.byte 0xd3,0x00,0x00,0x00,0xe3,0x00,0x00,0x00,0xf2,0x00,0x00,0x00,0x02,0x01,0x00,0x00 /* 9011d8 ................ */
	.byte 0x11,0x01,0x00,0x00,0x21,0x01,0x00,0x00,0x31,0x01,0x00,0x00,0x41,0x01,0x00,0x00 /* 9011e8 ....!...1...A... */
	.byte 0x51,0x01,0x00,0x00,0x60,0x01,0x00,0x00,0x70,0x01,0x00,0x00,0x80,0x01,0x00,0x00 /* 9011f8 Q...`...p....... */
	.byte 0x90,0x01,0x00,0x00,0xa0,0x01,0x00,0x00,0xb0,0x01,0x00,0x00     /* 901208 ............ */
	.4byte __st_r23_to_r13 - 0x008c0000 /* 901214 */
	.4byte __st_r19_to_r13 - 0x008c0000 /* 901218 */
	.4byte __st_r15_to_r13 - 0x008c0000 /* 90121c */
	.byte 0xf0,0x01,0x00,0x00,0x00,0x02,0x00,0x00,0x10,0x02,0x00,0x00,0x20,0x02,0x00,0x00 /* 901220 ............ ... */
	.byte 0xf3,0xff,0xff,0xff,0xf4,0xff,0xff,0xff,0xf5,0xff,0xff,0xff,0xf6,0xff,0xff,0xff /* 901230 ................ */
	.byte 0xf7,0xff,0xff,0xff,0xf8,0xff,0xff,0xff,0xf9,0xff,0xff,0xff,0xfa,0xff,0xff,0xff /* 901240 ................ */
	.byte 0xfb,0xff,0xff,0xff,0xfc,0xff,0xff,0xff,0xfd,0xff,0xff,0xff,0xfe,0xff,0xff,0xff /* 901250 ................ */
	.byte 0xff,0xff,0xff,0xff,0x00,0x00,0x00,0x00,0x01,0x00,0x00,0x00,0x02,0x00,0x00,0x00 /* 901260 ................ */
	.byte 0x03,0x00,0x00,0x00,0x04,0x00,0x00,0x00,0x05,0x00,0x00,0x00,0x06,0x00,0x00,0x00 /* 901270 ................ */
	.byte 0x07,0x00,0x00,0x00,0x08,0x00,0x00,0x00,0x09,0x00,0x00,0x00,0x0a,0x00,0x00,0x00 /* 901280 ................ */
	.byte 0x0b,0x00,0x00,0x00,0x0c,0x00,0x00,0x00,0x0d,0x00,0x00,0x00,0x0e,0x00,0x00,0x00 /* 901290 ................ */
	.byte 0x0f,0x00,0x00,0x00,0x10,0x00,0x00,0x00,0x11,0x00,0x00,0x00,0x12,0x00,0x00,0x00 /* 9012a0 ................ */
	.byte 0x13,0x00,0x00,0x00,0x14,0x00,0x00,0x00,0x15,0x00,0x00,0x00,0x16,0x00,0x00,0x00 /* 9012b0 ................ */
	.byte 0x17,0x00,0x00,0x00,0x18,0x00,0x00,0x00,0x19,0x00,0x00,0x00,0x1a,0x00,0x00,0x00 /* 9012c0 ................ */
	.byte 0x1b,0x00,0x00,0x00,0x1c,0x00,0x00,0x00,0x1d,0x00,0x00,0x00,0x1e,0x00,0x00,0x00 /* 9012d0 ................ */
	.byte 0x1f,0x00,0x00,0x00,0x20,0x00,0x00,0x00,0x21,0x00,0x00,0x00,0x22,0x00,0x00,0x00 /* 9012e0 .... ...!..."... */
	.byte 0x00,0x00,0x81,0x01,0x02,0x03,0xc2,0x03,0x83,0x04,0xe3,0x04,0x04,0x06,0x85,0x07 /* 9012f0 ................ */
	.byte 0x06,0x09,0xc6,0x09,0x08,0x0c,0x0a,0x0f,0x0c,0x12,0x00,0x00,0x00,0x00,0x00,0x00 /* 901300 ................ */
	.byte 0x6c,0x19,0x00,0x00,0x00,0x00,0x00,0x00,0xf4,0xff,0x01,0x01,0x05,0x00,0x02,0x01 /* 901310 l............... */
	.byte 0x14,0x00,0x02,0x01,0x24,0x00,0x02,0x01,0x36,0x00,0x02,0x01,0x4f,0x00,0x02,0x01 /* 901320 ....$...6...O... */
	.byte 0x62,0x00,0x02,0x01,0x78,0x00,0x02,0x01,0x8a,0x00,0x02,0x01,0xa3,0x00,0x02,0x01 /* 901330 b...x........... */
	.byte 0xb8,0x00,0x02,0x01,0xce,0x00,0x02,0x01,0xe4,0x00,0x02,0x01,0xfd,0x00,0x02,0x01 /* 901340 ................ */
	.byte 0x13,0x01,0x02,0x01,0x2c,0x01,0x02,0x01,0x3e,0x01,0x02,0x01,0x00,0x00,0x00,0x00 /* 901350 ....,...>....... */
	.byte 0x2c,0x1b,0x00,0x00,0x00,0x00,0x00,0x00,0x60,0x01,0x02,0x01,0x75,0x01,0x02,0x01 /* 901360 ,.......`...u... */
	.byte 0x8b,0x01,0x02,0x01,0xad,0x01,0x02,0x01,0xc6,0x01,0x02,0x01,0xde,0x01,0x02,0x01 /* 901370 ................ */
	.byte 0xf2,0x01,0x02,0x01,0x0c,0x02,0x02,0x01,0x16,0x02,0x02,0x01,0x27,0x02,0x02,0x01 /* 901380 ............'... */
	.byte 0x39,0x02,0x02,0x01,0x4a,0x02,0x02,0x01,0x63,0x02,0x02,0x01,0x7a,0x02,0x02,0x01 /* 901390 9...J...c...z... */
	.byte 0x8f,0x02,0x02,0x01,0xa4,0x02,0x02,0x01,0xc1,0x02,0x02,0x01,0xdf,0x02,0x02,0x01 /* 9013a0 ................ */
	.byte 0xf5,0x02,0x02,0x01,0x11,0x03,0x02,0x01,0x00,0x00,0x00,0x00,0x20,0x1b,0x00,0x00 /* 9013b0 ............ ... */
	.byte 0x00,0x00,0x00,0x00,0xb4,0x2b,0x80,0x00,0xc3,0x2b,0x80,0x00,0xd3,0x2b,0x80,0x00 /* 9013c0 .....+...+...+.. */
	.byte 0xee,0x2b,0x80,0x00,0xf4,0x2b,0x80,0x00,0x01,0x2c,0x80,0x00,0x13,0x2c,0x80,0x00 /* 9013d0 .+...+...,...,.. */
	.byte 0x00,0x00,0x00,0x00,0x38,0x1b,0x00,0x00,0x00,0x00,0x00,0x00,0x00,0x00,0x00,0x00 /* 9013e0 ....8........... */
	.byte 0xb8,0x19,0x00,0x00,0x00,0x00,0x00,0x00,0x00,0x00,0x00,0x00,0x28,0x19,0x00,0x00 /* 9013f0 ............(... */
	.byte 0x00,0x00,0x00,0x00,0x00,0x00,0x00,0x00,0x5c,0x1c,0x00,0x00,0x00,0x00,0x00,0x00 /* 901400 ........\....... */
	.byte 0xd0,0x03,0x02,0x01,0xd8,0x03,0x02,0x01,0xe9,0x03,0x02,0x01,0xf2,0x03,0x02,0x01 /* 901410 ................ */
	.byte 0x28,0x03,0x02,0x01,0x3b,0x03,0x02,0x01,0x4a,0x03,0x02,0x01,0x59,0x03,0x02,0x01 /* 901420 (...;...J...Y... */
	.byte 0x62,0x03,0x02,0x01,0x6c,0x03,0x02,0x01,0x7e,0x03,0x02,0x01,0x99,0x03,0x02,0x01 /* 901430 b...l...~....... */
	.byte 0xb2,0x03,0x02,0x01,0xbc,0x03,0x02,0x01,0xa0,0x86,0x01,0x00,0x40,0x42,0x0f,0x00 /* 901440 ............@B.. */
	.byte 0x80,0x84,0x1e,0x00,0x80,0x84,0x1e,0x00,0xc0,0xc6,0x2d,0x00,0x00,0x00,0x00,0x00 /* 901450 ..........-..... */
	.byte 0x00,0x09,0x3d,0x00,0x40,0x4b,0x4c,0x00,0x80,0xc3,0xc9,0x01,0x00,0x00,0x00,0x00 /* 901460 ..=.@KL......... */
	.byte 0x80,0xc3,0xc9,0x01,0x80,0xc3,0xc9,0x01,0x80,0xc3,0xc9,0x01,0x00,0x00,0x28,0x0f /* 901470 ..............(. */
	.byte 0x0a,0x00,0x14,0x0f,0x0a,0x00,0x0f,0x0a,0x0a,0x00,0x20,0x40,0x40,0x40,0x00,0x50 /* 901480 .......... @@@.P */
	.byte 0x50,0x50,0x00,0xa0,0xa0,0xa0,0x50,0x50,0x03,0x00,0x10,0x00,0x00,0x00,0xde,0x1d /* 901490 PP....PP........ */
	.byte 0x00,0x00,0x00,0x00,0x00,0x00,0x00,0x00,0x98,0x1b,0x00,0x00,0x00,0x00,0x00,0x00 /* 9014a0 ................ */
	.byte 0x00,0x00,0x00,0x00,0x00,0x00,0x00,0x00,0x0e,0x0f,0x0e,0x0f,0x10,0x01,0x01,0x00 /* 9014b0 ................ */
	.byte 0x08,0x04,0x02,0x01,0x16,0x04,0x02,0x01,0x29,0x04,0x02,0x01,0x3d,0x04,0x02,0x01 /* 9014c0 ........)...=... */
	.byte 0x54,0x04,0x02,0x01,0x69,0x04,0x02,0x01,0x7c,0x04,0x02,0x01,0x8c,0x04,0x02,0x01 /* 9014d0 T...i...|....... */
	.byte 0x9e,0x04,0x02,0x01,0xb6,0x04,0x02,0x01,0xce,0x04,0x02,0x01,0xdf,0x04,0x02,0x01 /* 9014e0 ................ */
	.byte 0xf1,0x04,0x02,0x01,0x0b,0x05,0x02,0x01,0x1c,0x05,0x02,0x01,0x34,0x05,0x02,0x01 /* 9014f0 ............4... */
	.byte 0x4c,0x05,0x02,0x01,0x59,0x05,0x02,0x01,0x71,0x05,0x02,0x01,0x00,0x00,0x00,0x00 /* 901500 L...Y...q....... */
	.byte 0x8c,0x1b,0x00,0x00,0x00,0x00,0x00,0x00,0x03,0x00,0x00,0x00,0x10,0x27,0x00,0x00 /* 901510 .............'.. */
	.byte 0x00,0x87,0x93,0x03,0x80,0xc3,0xc9,0x01,0x40,0x42,0x0f,0x00,0x05,0x00,0x00,0x00 /* 901520 ........@B...... */
	.byte 0x0f,0x00,0x00,0x00,0x14,0x00,0x00,0x00,0x01,0xff,0xff,0xff,0x03,0x00,0x00,0x00 /* 901530 ................ */
	.byte 0x10,0x27,0x00,0x00,0x00,0x87,0x93,0x03,0x40,0x4b,0x4c,0x00,0x40,0x42,0x0f,0x00 /* 901540 .'......@KL.@B.. */
	.byte 0x05,0x00,0x00,0x00,0x0f,0x00,0x00,0x00,0x0a,0x00,0x00,0x00,0x01,0xff,0xff,0xff /* 901550 ................ */
	.byte 0x07,0x00,0x00,0x00,0x10,0x27,0x00,0x00,0x00,0x87,0x93,0x03,0xc0,0x05,0xd9,0x01 /* 901560 .....'.......... */
	.byte 0x40,0x42,0x0f,0x00,0x05,0x00,0x00,0x00,0x0f,0x00,0x00,0x00,0x14,0x00,0x00,0x00 /* 901570 @B.............. */
	.byte 0x01,0xff,0xff,0xff,0x07,0x00,0x00,0x00,0x10,0x27,0x00,0x00,0x00,0x87,0x93,0x03 /* 901580 .........'...... */
	.byte 0x40,0x42,0x0f,0x00,0x40,0x42,0x0f,0x00,0x05,0x00,0x00,0x00,0x0f,0x00,0x00,0x00 /* 901590 @B..@B.......... */
	.byte 0x0a,0x00,0x00,0x00,0x01,0xff,0xff,0xff,0x00,0x00,0x00,0x00,0x00,0x00,0x00,0x00 /* 9015a0 ................ */
	.byte 0x00,0x00,0x00,0x00,0x00,0x00,0x00,0x00,0x00,0x00,0x00,0x00,0x00,0x00,0x00,0x00 /* 9015b0 ................ */
	.byte 0x00,0x00,0x00,0x00,0x00,0x00,0x00,0x00,0x00,0x00,0x00,0x00,0xa4,0x05,0x02,0x01 /* 9015c0 ................ */
	.byte 0xae,0x05,0x02,0x01,0xc0,0x05,0x02,0x01,0xd0,0x05,0x02,0x01,0xd9,0x05,0x02,0x01 /* 9015d0 ................ */
	.byte 0xe3,0x05,0x02,0x01,0x00,0x00,0x00,0x00,0x80,0x1b,0x00,0x00,0x00,0x00,0x00,0x00 /* 9015e0 ................ */
	.byte 0x00,0x00,0x00,0x00,0x40,0x1c,0x00,0x00,0x00,0x00,0x00,0x00,0x00,0x00,0x00,0x00 /* 9015f0 ....@........... */
	.byte 0x68,0x1c,0x00,0x00,0x00,0x00,0x00,0x00,0xfc,0x05,0x02,0x01,0x07,0x06,0x02,0x01 /* 901600 h............... */
	.byte 0x1e,0x06,0x02,0x01,0x2c,0x06,0x02,0x01,0x38,0x06,0x02,0x01,0x47,0x06,0x02,0x01 /* 901610 ....,...8...G... */
	.byte 0x56,0x06,0x02,0x01,0x65,0x06,0x02,0x01,0x74,0x06,0x02,0x01,0x88,0x06,0x02,0x01 /* 901620 V...e...t....... */
	.byte 0x9a,0x06,0x02,0x01,0xad,0x06,0x02,0x01,0xbc,0x06,0x02,0x01,0xcb,0x06,0x02,0x01 /* 901630 ................ */
	.byte 0xde,0x06,0x02,0x01,0x00,0x00,0x00,0x00,0xd0,0x19,0x00,0x00,0x00,0x00,0x00,0x00 /* 901640 ................ */
	.4byte swc_psc_sm__action_start_scan - 0x008c0000 /* 901650 */
	.byte 0x01                                                            /* 901654 . */
	.4byte basic_sm__error_handler - 0x008c0000 /* 901655 */
	.byte 0x01                                                            /* 901659 . */
	.4byte basic_sm__error_handler - 0x008c0000 /* 90165a */
	.byte 0x02                                                            /* 90165e . */
	.4byte basic_sm__error_handler - 0x008c0000 /* 90165f */
	.byte 0x00                                                            /* 901663 . */
	.4byte swc_psc_sm__action_kick_channel_sw_sm - 0x008c0000 /* 901664 */
	.byte 0x02,0x14,0xf5,0x01,0x00,0x02                                   /* 901668 ...... */
	.4byte basic_sm__error_handler - 0x008c0000 /* 90166e */
	.byte 0x00                                                            /* 901672 . */
	.4byte basic_sm__error_handler - 0x008c0000 /* 901673 */
	.byte 0x01                                                            /* 901677 . */
	.4byte swc_psc_sm__action_complete_scan - 0x008c0000 /* 901678 */
	.byte 0x00                                                            /* 90167c . */
	.4byte basic_sm__error_handler - 0x008c0000 /* 90167d */
	.byte 0x00                                                            /* 901681 . */
	.4byte swc_psc_sm__action_abort_scan - 0x008c0000 /* 901682 */
	.byte 0x00                                                            /* 901686 . */
	.4byte swc_psc_sm__action_stop_dwelling - 0x008c0000 /* 901687 */
	.byte 0x02,0x00,0x07,0x02,0x01,0x10,0x07,0x02,0x01,0x25,0x07,0x02,0x01,0x34,0x07,0x02 /* 90168b .........%...4.. */
	.byte 0x01,0x43,0x07,0x02,0x01,0x53,0x07,0x02,0x01,0x65,0x07,0x02,0x01,0x00,0x00,0x00 /* 90169b .C...S...e...... */
	.byte 0x00,0x1c,0x1c,0x00,0x00,0x00,0x00,0x00,0x00,0x80,0x07,0x02,0x01,0x8b,0x07,0x02 /* 9016ab ................ */
	.byte 0x01,0xa4,0x07,0x02,0x01,0xbd,0x07,0x02,0x01,0xcd,0x07,0x02,0x01,0xdd,0x07,0x02 /* 9016bb ................ */
	.byte 0x01,0xee,0x07,0x02,0x01,0xff,0x07,0x02,0x01,0x0f,0x08,0x02,0x01,0x18,0x08,0x02 /* 9016cb ................ */
	.byte 0x01,0x26,0x08,0x02,0x01,0x36,0x08,0x02,0x01,0x00,0x00,0x00,0x00,0x68,0x1b,0x00 /* 9016db .&...6.......h.. */
	.byte 0x00,0x00,0x00,0x00,0x00,0x00,0x00,0x00,0x00,0x74,0x1a,0x00,0x00,0x00,0x00,0x00 /* 9016eb .........t...... */
	.byte 0x00,0x00,0x00,0x00,0x00,0x4c,0x1a,0x00,0x00,0x00,0x00,0x00,0x00,0x00,0x00,0x00 /* 9016fb .....L.......... */
	.byte 0x00,0x3c,0x1a,0x00,0x00,0x00,0x00,0x00,0x00,0x4c,0x08,0x02,0x01,0x57,0x08,0x02 /* 90170b .<.......L...W.. */
	.byte 0x01,0x6b,0x08,0x02,0x01,0x81,0x08,0x02,0x01,0x93,0x08,0x02,0x01,0xa6,0x08,0x02 /* 90171b .k.............. */
	.byte 0x01,0xb6,0x08,0x02,0x01,0xc9,0x08,0x02,0x01,0xe1,0x08,0x02,0x01,0xf7,0x08,0x02 /* 90172b ................ */
	.byte 0x01,0x0b,0x09,0x02,0x01,0x1f,0x09,0x02,0x01,0x35,0x09,0x02,0x01,0x45,0x09,0x02 /* 90173b .........5...E.. */
	.byte 0x01,0x56,0x09,0x02,0x01,0x6b,0x09,0x02,0x01,0x7c,0x09,0x02,0x01,0x8c,0x09,0x02 /* 90174b .V...k...|...... */
	.byte 0x01,0x00,0x00,0x00,0x00,0x04,0x1c,0x00,0x00,0x00,0x00,0x00,0x00,0xb4,0x09,0x02 /* 90175b ................ */
	.byte 0x01,0xb9,0x09,0x02,0x01,0xc2,0x09,0x02,0x01,0xca,0x09,0x02,0x01,0xd9,0x09,0x02 /* 90176b ................ */
	.byte 0x01,0xef,0x09,0x02,0x01,0xfc,0x09,0x02,0x01,0x0d,0x0a,0x02,0x01,0x18,0x0a,0x02 /* 90177b ................ */
	.byte 0x01,0x28,0x0a,0x02,0x01,0x00,0x00,0x00,0x00,0xf8,0x1b,0x00,0x00,0x00,0x00,0x00 /* 90178b .(.............. */
	.byte 0x00,0x00,0x00,0x00,0x00,0xa8,0x19,0x00,0x00,0x00,0x00,0x00,0x00,0x4c,0x0a,0x02 /* 90179b .............L.. */
	.byte 0x01,0x58,0x0a,0x02,0x01,0x64,0x0a,0x02,0x01,0x6f,0x0a,0x02,0x01,0x85,0x0a,0x02 /* 9017ab .X...d...o...... */
	.byte 0x01,0x9d,0x0a,0x02,0x01,0xb9,0x0a,0x02,0x01,0xcf,0x0a,0x02,0x01,0xe8,0x0a,0x02 /* 9017bb ................ */
	.byte 0x01,0xfd,0x0a,0x02,0x01,0x10,0x0b,0x02,0x01,0x26,0x0b,0x02,0x01,0x00,0x00,0x00 /* 9017cb .........&...... */
	.byte 0x00,0x74,0x1b,0x00,0x00,0x00,0x00,0x00,0x00,0x4c,0x0b,0x02,0x01,0x57,0x0b,0x02 /* 9017db .t.......L...W.. */
	.byte 0x01,0x6c,0x0b,0x02,0x01,0x7a,0x0b,0x02,0x01,0x86,0x0b,0x02,0x01,0x91,0x0b,0x02 /* 9017eb .l...z.......... */
	.byte 0x01,0xa7,0x0b,0x02,0x01,0xbe,0x0b,0x02,0x01,0xd6,0x0b,0x02,0x01,0xe9,0x0b,0x02 /* 9017fb ................ */
	.byte 0x01,0xff,0x0b,0x02,0x01,0x10,0x0c,0x02,0x01,0x1e,0x0c,0x02,0x01,0x00,0x00,0x00 /* 90180b ................ */
	.byte 0x00,0x4c,0x19,0x00,0x00,0x00,0x00,0x00,0x00,0x00,0x00,0x2a,0x02,0x4f,0x04,0x70 /* 90181b .L.........*.O.p */
	.byte 0x06,0x8e,0x08,0xa7,0x0a,0xbc,0x0c,0xcd,0x0e,0xda,0x10,0xe3,0x12,0xe9,0x14,0xea /* 90182b ................ */
	.byte 0x16,0xe8,0x18,0xe3,0x1a,0xda,0x1c,0xcd,0x1e,0xbd,0x20,0xa9,0x22,0x92,0x24,0x78 /* 90183b .......... .".$x */
	.byte 0x26,0x5a,0x28,0x3a,0x2a,0x16,0x2c,0xee,0x2d,0xc4,0x2f,0x97,0x31,0x66,0x33,0x33 /* 90184b &Z(:*.,.-./.1f33 */
	.byte 0x35,0xfc,0x36,0xc3,0x38,0x87,0x3a,0x48,0x3c,0x06,0x3e,0xc1,0x3f,0x7a,0x41,0x30 /* 90185b 5.6.8.:H<.>.?zA0 */
	.byte 0x43,0xe3,0x44,0x93,0x46,0x41,0x48,0xed,0x49,0x95,0x4b,0x3c,0x4d,0xdf,0x4e,0x81 /* 90186b C.D.FAH.I.K<M.N. */
	.byte 0x50,0x20,0x52,0xbc,0x53,0x56,0x55,0xee,0x56,0x84,0x58,0x17,0x5a,0xa8,0x5b,0x36 /* 90187b P R.SVU.V.X.Z.[6 */
	.byte 0x5d,0xc3,0x5e,0x4d,0x60,0xd5,0x61,0x5b,0x63,0xde,0x64,0x60,0x66,0xe0,0x67,0x5d /* 90188b ].^M`.a[c.d`f.g] */
	.byte 0x69,0xd9,0x6a,0x52,0x6c,0xca,0x6d,0x3f,0x6f,0xb3,0x70,0x24,0x72,0x94,0x73,0x02 /* 90189b i.jRl.m?o.p$r.s. */
	.byte 0x75,0x6e,0x76,0xd8,0x77,0x40,0x79,0xa7,0x7a,0x0b,0x7c,0x6e,0x7d,0xcf,0x7e,0x2f /* 9018ab unv.w@y.z.|n}.~/ */
	.byte 0x80,0x8d,0x81,0xe8,0x82,0x43,0x84,0x9b,0x85,0xf2,0x86,0x47,0x88,0x9b,0x89,0xed /* 9018bb .....C.....G.... */
	.byte 0x8a,0x3e,0x8c,0x8c,0x8d,0xda,0x8e,0x25,0x90,0x70,0x91,0xb8,0x92,0xff,0x93,0x45 /* 9018cb .>.....%.p.....E */
	.byte 0x95,0x89,0x96,0xcc,0x97,0x0d,0x99,0x4d,0x9a,0x8b,0x9b,0xc8,0x9c,0x04,0x9e,0x3e /* 9018db .......M.......> */
	.byte 0x9f,0x77,0xa0,0xae,0xa1,0xe4,0xa2,0x19,0xa4,0x4c,0xa5,0x7e,0xa6,0xaf,0xa7,0xde /* 9018eb .w.......L.~.... */
	.byte 0xa8,0x0d,0xaa,0x39,0xab,0x65,0xac,0x8f,0xad,0xb9,0xae,0xe0,0xaf,0x07,0xb1,0x2c /* 9018fb ...9.e........., */
	.byte 0xb2,0x51,0xb3,0x74,0xb4,0x96,0xb5,0xb6,0xb6,0xd6,0xb7,0xf4,0xb8,0x11,0xba,0x2d /* 90190b .Q.t...........- */
	.byte 0xbb,0x48,0xbc,0x62,0xbd,0x7b,0xbe,0x92,0xbf,0x00,0x00,0x00,0x00,0x4c,0x1c,0x00 /* 90191b .H.b.{.......L.. */
	.byte 0x00,0x00,0x00,0x00,0x00,0x08,0x04,0x04,0x04,0x00,0x01,0x02,0x03,0x04,0x05,0x06 /* 90192b ................ */
	.byte 0x07,0x00,0x01,0x03,0x05,0xff,0xff,0xff,0xff,0x00,0x01,0x03,0x05,0xff,0xff,0xff /* 90193b ................ */
	.byte 0xff,0x00,0x01,0x03,0x05,0xff,0xff,0xff,0xff,0x80,0x72,0x66,0x5b,0x51,0x48,0x40 /* 90194b ..........rf[QH@ */
	.byte 0x39,0x33,0x2d,0x28,0x24,0x20,0x1d,0x1a,0x17,0x14,0x12,0x10,0x00,0x00,0x01,0x02 /* 90195b 93-($ .......... */
	.byte 0x03,0x04,0x05,0x06,0x08,0x0a,0x0c,0x0e,0x10,0x13,0x16,0x19,0x1d,0x22,0x26,0x00 /* 90196b ............."&. */
	.byte 0x00,0x00,0x00,0x00,0x01,0x01,0x08,0x02,0x02,0x08,0x03,0x03,0x08,0x04,0x04,0x08 /* 90197b ................ */
	.byte 0x05,0x05,0x08,0x06,0x06,0x08,0x07,0x07,0x08,0x08,0x08,0x08,0x09,0x09,0x09,0x0a /* 90198b ................ */
	.byte 0x0a,0x0a,0x0b,0x0b,0x0b,0x0c,0x0c,0x0c,0x0d,0x0d,0x0d,0x0e,0x0e,0x0e,0x0f,0x0f /* 90199b ................ */
	.byte 0x0f,0xfb,0x00,0x00,0x00,0x0b,0x00,0x00,0x00,0x1f,0x00,0x00,0x00,0x1f,0x00,0x00 /* 9019ab ................ */
	.byte 0x00,0x00,0x00,0x00,0x00,0x00,0x00,0x00,0x00,0x00,0x00,0x00,0x00,0x00,0x00,0x00 /* 9019bb ................ */
	.byte 0x00,0x00,0x00,0x00,0x00,0x00,0x00,0x00,0x00,0x00,0x00,0x00,0x00,0x00,0x00,0x00 /* 9019cb ................ */
	.byte 0x00,0x00,0x00,0x00,0x00,0x00,0x00,0x00,0x00,0x00,0x00,0x00,0x00,0x00,0x00,0x00 /* 9019db ................ */
	.byte 0x00,0x00,0x00,0x00,0x00,0x00,0x00,0x00,0x00,0x00,0x00,0x00,0x00,0x00,0x00,0x00 /* 9019eb ................ */
	.byte 0x00,0x00,0x00,0x00,0x00,0x00,0x00,0x00,0x00,0x00,0x00,0x00,0x00,0x00,0x00,0x00 /* 9019fb ................ */
	.byte 0x00,0x28,0x02,0x00,0x00,0xff,0xff,0xff,0x00,0x06,0x00,0x88,0x01,0x0b,0x01,0x88 /* 901a0b .(.............. */
	.byte 0x00,0x06,0x00,0x08,0x00,0x0b,0x01,0x88,0x00,0x06,0x00,0xa8,0x00,0x06,0x00,0xa0 /* 901a1b ................ */
	.byte 0x00,0x06,0x00,0xa8,0x00,0x0c,0x00,0x88,0x00,0xf2,0x00,0x98,0x00,0xd7,0x02,0x9a /* 901a2b ................ */
	.byte 0x00,0xca,0x03,0x92,0x00,0xe5,0x01,0x9a,0x00,0xd7,0x02,0x98,0x00,0x18,0x00,0x88 /* 901a3b ................ */
	.byte 0x00,0x06,0x00,0x88,0x01,0x01,0x00,0x88,0x01,0x01,0x00,0x88,0x01,0x01,0x00,0x88 /* 901a4b ................ */
	.byte 0x01,0x01,0x00,0x88,0x01,0x01,0x00,0x88,0x01,0x06,0x00,0x06,0x00,0xff,0x00,0x02 /* 901a5b ................ */
	.byte 0x00,0x06,0x00,0x00,0x00,0xff,0x00,0x02,0x00,0x30,0x00,0x03,0x00,0x1e,0x00,0x02 /* 901a6b .........0...... */
	.byte 0x00,0x06,0x00,0x06,0x00,0x01,0x00,0x06,0x00,0x01,0x00,0x06,0x00,0x01,0x00,0x06 /* 901a7b ................ */
	.byte 0x00,0x00,0x00,0x00,0x00,0x00,0x00,0x00,0x00,0x00,0x00,0x00,0x00,0x00,0x00,0x00 /* 901a8b ................ */
	.byte 0x00,0x00,0x00,0x00,0x00,0x00,0x00,0x00,0x00,0x00,0x00,0x00,0x00,0x00,0x00,0x00 /* 901a9b ................ */
	.byte 0x00,0x00,0x00,0x00,0x00,0x00,0x00,0x00,0x00,0x00,0x00,0x00,0x00,0x00,0x00,0x01 /* 901aab ................ */
	.byte 0x01,0x01,0x01,0x01,0x01,0x02,0x02,0x02,0x02,0x02,0x02,0x03,0x03,0x03,0x03,0x03 /* 901abb ................ */
	.byte 0x03,0x04,0x04,0x04,0x04,0x04,0x04,0x05,0x05,0x00,0x05,0x0a,0x0f,0x14,0x19,0x00 /* 901acb ................ */
	.byte 0x05,0x0a,0x0f,0x14,0x19,0x00,0x05,0x0a,0x0f,0x14,0x19,0x00,0x05,0x0a,0x0f,0x14 /* 901adb ................ */
	.byte 0x19,0x00,0x05,0x0a,0x0f,0x14,0x19,0x00,0x05,0x02,0x00,0x00,0x00,0x02,0x00,0x00 /* 901aeb ................ */
	.byte 0x00,0x02,0x00,0x00,0x00,0x02,0x00,0x00,0x00,0x03,0x00,0x00,0x00,0x02,0x00,0x00 /* 901afb ................ */
	.byte 0x00,0x02,0x00,0x00,0x00,0x02,0x00,0x00,0x00,0x02,0x00,0x00,0x00,0x03,0x00,0x00 /* 901b0b ................ */
	.byte 0x00,0x00,0x00,0x00,0x00,0x00,0x00,0x00,0x00,0x00,0x00,0x00,0x00,0x00,0x00,0x00 /* 901b1b ................ */
	.byte 0x00,0x80,0x00,0x00,0x00,0x1c,0x19,0x00,0x00,0x00,0x00,0x00,0x00,0x08,0x00,0x00 /* 901b2b ................ */
	.byte 0x00,0x10,0x00,0x00,0x00,0x20,0x00,0x00,0x00,0x40,0x00,0x00,0x00,0x80,0x00,0x00 /* 901b3b ..... ...@...... */
	.byte 0x00,0x00,0x01,0x00,0x00,0x00,0x02,0x00,0x00,0x00,0x04,0x00,0x00,0x00,0x08,0x00 /* 901b4b ................ */
	.byte 0x00,0x00,0x10,0x00,0x00,0x00,0x20,0x00,0x00,0x00,0x7d,0x00,0x00,0xff,0xff,0xff /* 901b5b ...... ...}..... */
	.byte 0xff,0x00,0x07,0x0e,0x15,0x1c,0x62,0x23,0x2a,0x31,0x62,0x38,0x3f,0x46,0x62,0x62 /* 901b6b ......b#*1b8?Fbb */
	.byte 0x62,0x62,0x62,0x4d,0x54,0x5b,0x00,0x00,0x00,0xe3,0xe3,0xe3,0xe3,0xe3,0xe3,0xe3 /* 901b7b bbbMT[.......... */
	.byte 0xe3,0xeb,0xeb,0xeb,0xeb,0xeb,0xeb,0xeb,0xeb,0xeb,0xeb,0xeb,0xeb,0xeb,0xeb,0xeb /* 901b8b ................ */
	.byte 0xeb,0xeb,0xeb,0xeb,0xeb,0xeb,0xeb,0x00,0xeb,0x5f,0x30,0x00,0x00,0x31,0x32,0x33 /* 901b9b ........._0..123 */
	.byte 0x34,0x35,0x36,0x37,0x38,0x00,0x00,0x00,0x00,0x09,0x00,0x14,0x09,0x14,0x16,0x00 /* 901bab 45678........... */
	.byte 0x14,0x02,0x14,0x16,0x14,0x09,0x14,0x14,0x14,0x09,0x27,0x2e,0x36,0x33,0x33,0x33 /* 901bbb ..........'.6333 */
	.byte 0x1c,0x23,0x00,0x00,0x00,0x0d,0x00,0x07,0x0b,0x0b,0x0b,0x0b,0x0b,0x0b,0x0b,0x0b /* 901bcb .#.............. */
	.byte 0x0b,0x0b,0x0b,0x14,0x19,0x0b,0x1e,0x23,0x00,0x00,0x07,0x20,0x1c,0x1e,0x00,0x00 /* 901bdb .......#... .... */
	.byte 0x00,0x03,0x03,0x00,0x00,0x00,0x1c,0x80,0x00,0xa8,0x0a,0x80,0x00,0xb4,0x0a,0x80 /* 901beb ................ */
	.byte 0x00,0x00,0x00,0x00,0x00,0x14,0xf5,0x01,0x00,0x01,0x14,0xf5,0x01,0x00,0x01,0x14 /* 901bfb ................ */
	.byte 0xf5,0x01,0x00,0x01,0x14,0xf5,0x01,0x00,0x00,0x14,0xf5,0x01,0x00,0x00 /* 901c0b .............. */
	.4byte ps_sm_801bec__on_ps_disable_in_ps_reenter - 0x008c0000 /* 901c19 */
	.byte 0x00,0x14,0xf5,0x01,0x00,0x00                                   /* 901c1d ...... */
	.4byte PS_ASSOC_SM__ps_schd_reenter_extend - 0x008c0000 /* 901c23 */
	.byte 0x02                                                            /* 901c27 . */
	.4byte ps_sm_801bec__action_8e1698 - 0x008c0000 /* 901c28 */
	.byte 0x02,0x00,0x00,0x00,0x05,0x04,0x00,0x00,0x44,0x1c,0x80,0x00,0xcc,0x0a,0x80,0x00 /* 901c2c ........D....... */
	.byte 0xdc,0x0a,0x80,0x00,0x00,0x00,0x00,0x00,0x14,0xf5,0x01,0x00,0x01,0x14,0xf5,0x01 /* 901c3c ................ */
	.byte 0x00,0x01,0x14,0xf5,0x01,0x00,0x02                              /* 901c4c ....... */
	.4byte PS_ASSOC_SM__ps_cancel_schd_reenter - 0x008c0000 /* 901c53 */
	.byte 0x02,0x14,0xf5,0x01,0x00,0x00,0x14,0xf5,0x01,0x00,0x00,0x14,0xf5,0x01,0x00,0x00 /* 901c57 ................ */
	.4byte PS_ASSOC_SM__ps_cancel_schd_reenter - 0x008c0000 /* 901c67 */
	.byte 0x00,0x14,0xf5,0x01,0x00,0x00,0x14,0xf5,0x01,0x00,0x01          /* 901c6b ........... */
	.4byte ps_sm_801c30__action_8e1574 - 0x008c0000 /* 901c76 */
	.byte 0x03                                                            /* 901c7a . */
	.4byte ps_sm_801c30__action_8e1688 - 0x008c0000 /* 901c7b */
	.byte 0x03,0x14,0xf5,0x01,0x00,0x00,0x14,0xf5,0x01,0x00,0x02,0x14,0xf5,0x01,0x00,0x02 /* 901c7f ................ */
	.byte 0x14,0xf5,0x01,0x00,0x03,0x14,0xf5,0x01,0x00,0x00,0x14,0xf5,0x01,0x00,0x01,0x14 /* 901c8f ................ */
	.byte 0xf5,0x01,0x00,0x01                                             /* 901c9f .... */
	.4byte PS_ASSOC_SM__ps_cancel_schd_reenter - 0x008c0000 /* 901ca3 */
	.byte 0x01,0x06,0x05,0x00,0x00,0xbc,0x1c,0x80,0x00,0xfc,0x0a,0x80,0x00,0x10,0x0b,0x80 /* 901ca7 ................ */
	.byte 0x00,0x00,0x00,0x00,0x00,0x14,0xf5,0x01,0x00,0x01               /* 901cb7 .......... */
	.4byte basic_sm__error_handler - 0x008c0000 /* 901cc1 */
	.byte 0x01                                                            /* 901cc5 . */
	.4byte basic_sm__error_handler - 0x008c0000 /* 901cc6 */
	.byte 0x02                                                            /* 901cca . */
	.4byte basic_sm__error_handler - 0x008c0000 /* 901ccb */
	.byte 0x03                                                            /* 901ccf . */
	.4byte basic_sm__error_handler - 0x008c0000 /* 901cd0 */
	.byte 0x04                                                            /* 901cd4 . */
	.4byte basic_sm__error_handler - 0x008c0000 /* 901cd5 */
	.byte 0x00,0x14,0xf5,0x01,0x00,0x02                                   /* 901cd9 ...... */
	.4byte basic_sm__error_handler - 0x008c0000 /* 901cdf */
	.byte 0x02                                                            /* 901ce3 . */
	.4byte basic_sm__error_handler - 0x008c0000 /* 901ce4 */
	.byte 0x03                                                            /* 901ce8 . */
	.4byte basic_sm__error_handler - 0x008c0000 /* 901ce9 */
	.byte 0x04                                                            /* 901ced . */
	.4byte basic_sm__error_handler - 0x008c0000 /* 901cee */
	.byte 0x00                                                            /* 901cf2 . */
	.4byte basic_sm__error_handler - 0x008c0000 /* 901cf3 */
	.byte 0x01,0x14,0xf5,0x01,0x00,0x03                                   /* 901cf7 ...... */
	.4byte basic_sm__error_handler - 0x008c0000 /* 901cfd */
	.byte 0x03                                                            /* 901d01 . */
	.4byte basic_sm__error_handler - 0x008c0000 /* 901d02 */
	.byte 0x04                                                            /* 901d06 . */
	.4byte basic_sm__error_handler - 0x008c0000 /* 901d07 */
	.byte 0x00                                                            /* 901d0b . */
	.4byte basic_sm__error_handler - 0x008c0000 /* 901d0c */
	.byte 0x01                                                            /* 901d10 . */
	.4byte basic_sm__error_handler - 0x008c0000 /* 901d11 */
	.byte 0x02,0x14,0xf5,0x01,0x00,0x04                                   /* 901d15 ...... */
	.4byte basic_sm__error_handler - 0x008c0000 /* 901d1b */
	.byte 0x04                                                            /* 901d1f . */
	.4byte basic_sm__error_handler - 0x008c0000 /* 901d20 */
	.byte 0x00                                                            /* 901d24 . */
	.4byte basic_sm__error_handler - 0x008c0000 /* 901d25 */
	.byte 0x01                                                            /* 901d29 . */
	.4byte pcie_device_power_sm__pcie_traffic_resume_req_8e075c - 0x008c0000 /* 901d2a */
	.byte 0x00                                                            /* 901d2e . */
	.4byte basic_sm__error_handler - 0x008c0000 /* 901d2f */
	.byte 0x04,0x14,0xf5,0x01,0x00,0x04                                   /* 901d33 ...... */
	.4byte basic_sm__error_handler - 0x008c0000 /* 901d39 */
	.byte 0x00                                                            /* 901d3d . */
	.4byte pcie_device_power_sm__pcie_traffic_resume_req_8e075c - 0x008c0000 /* 901d3e */
	.byte 0x00                                                            /* 901d42 . */
	.4byte basic_sm__error_handler - 0x008c0000 /* 901d43 */
	.byte 0x02                                                            /* 901d47 . */
	.4byte basic_sm__error_handler - 0x008c0000 /* 901d48 */
	.byte 0x03                                                            /* 901d4c . */
	.4byte pcie_device_power_sm__pcie_traffic_resume_req_8e075c - 0x008c0000 /* 901d4d */
	.byte 0x00,0x00,0x00,0x00,0x03,0x06,0x0b,0x0b,0x0b,0x09,0x09,0x00,0x00,0x00,0x00,0x00 /* 901d51 ................ */
	.byte 0x00,0x00,0x00,0x06,0x08,0x00,0x00,0x78,0x1d,0x80,0x00,0x34,0x0b,0x80,0x00,0x54 /* 901d61 .......x...4...T */
	.byte 0x0b,0x80,0x00,0x00,0x00,0x00,0x00                              /* 901d71 ....... */
	.4byte PS_CONNECTION__psc_complete_8e1794 - 0x008c0000 /* 901d78 */
	.byte 0x01,0x14,0xf5,0x01,0x00,0x01                                   /* 901d7c ...... */
	.4byte sm_801d64__action_8e175c - 0x008c0000 /* 901d82 */
	.byte 0x03,0x14,0xf5,0x01,0x00,0x03,0x14,0xf5,0x01,0x00,0x04          /* 901d86 ........... */
	.4byte sm_801d64__action_8c81f0 - 0x008c0000 /* 901d91 */
	.byte 0x05                                                            /* 901d95 . */
	.4byte sm_801d64__action_8c81f0 - 0x008c0000 /* 901d96 */
	.byte 0x06                                                            /* 901d9a . */
	.4byte sm_801d64__action_8c81f0 - 0x008c0000 /* 901d9b */
	.byte 0x07,0x14,0xf5,0x01,0x00,0x00                                   /* 901d9f ...... */
	.4byte sm_801d64__action_8c81f0 - 0x008c0000 /* 901da5 */
	.byte 0x01                                                            /* 901da9 . */
	.4byte sm_801d64__action_8e1744 - 0x008c0000 /* 901daa */
	.byte 0x06                                                            /* 901dae . */
	.4byte sm_801d64__action_8c81f0 - 0x008c0000 /* 901daf */
	.byte 0x03                                                            /* 901db3 . */
	.4byte PS_CONNECTION__psc_complete_8e1794 - 0x008c0000 /* 901db4 */
	.byte 0x05,0x14,0xf5,0x01,0x00,0x05,0x14,0xf5,0x01,0x00,0x06          /* 901db8 ........... */
	.4byte sm_801d64__action_8c81f0 - 0x008c0000 /* 901dc3 */
	.byte 0x07                                                            /* 901dc7 . */
	.4byte sm_801d64__action_8c81e4 - 0x008c0000 /* 901dc8 */
	.byte 0x00,0x14,0xf5,0x01,0x00,0x02                                   /* 901dcc ...... */
	.4byte basic_sm__error_handler - 0x008c0000 /* 901dd2 */
	.byte 0x02,0x14,0xf5,0x01,0x00,0x04                                   /* 901dd6 ...... */
	.4byte basic_sm__error_handler - 0x008c0000 /* 901ddc */
	.byte 0x04,0x14,0xf5,0x01,0x00,0x02,0x14,0xf5,0x01,0x00,0x00,0x14,0xf5,0x01,0x00,0x00 /* 901de0 ................ */
	.4byte sm_801d64__action_8c81fc - 0x008c0000 /* 901df0 */
	.byte 0x00,0x14,0xf5,0x01,0x00,0x00                                   /* 901df4 ...... */
	.4byte basic_sm__error_handler - 0x008c0000 /* 901dfa */
	.byte 0x02,0x14,0xf5,0x01,0x00,0x02                                   /* 901dfe ...... */
	.4byte basic_sm__error_handler - 0x008c0000 /* 901e04 */
	.byte 0x04,0x14,0xf5,0x01,0x00,0x04,0x14,0xf5,0x01,0x00,0x02,0x14,0xf5,0x01,0x00,0x04 /* 901e08 ................ */
	.byte 0x14,0xf5,0x01,0x00,0x00                                        /* 901e18 ..... */
	.4byte sm_801d64__action_8c81f0 - 0x008c0000 /* 901e1d */
	.byte 0x00,0x14,0xf5,0x01,0x00,0x00                                   /* 901e21 ...... */
	.4byte sm_801d64__action_8c81f0 - 0x008c0000 /* 901e27 */
	.byte 0x00,0x14,0xf5,0x01,0x00,0x00                                   /* 901e2b ...... */
	.4byte sm_801d64__action_8c81f0 - 0x008c0000 /* 901e31 */
	.byte 0x00                                                            /* 901e35 . */
	.4byte sm_801d64__action_8c81f0 - 0x008c0000 /* 901e36 */
	.byte 0x00                                                            /* 901e3a . */
	.4byte sm_801d64__action_8c81f0 - 0x008c0000 /* 901e3b */
	.byte 0x00,0x14,0xf5,0x01,0x00,0x00,0x14,0xf5,0x01,0x00,0x01          /* 901e3f ........... */
	.4byte sm_801d64__action_8e1744 - 0x008c0000 /* 901e4a */
	.byte 0x06,0x14,0xf5,0x01,0x00,0x03                                   /* 901e4e ...... */
	.4byte sm_801d64__action_8e1744 - 0x008c0000 /* 901e54 */
	.byte 0x07,0x14,0xf5,0x01,0x00,0x05,0x14,0xf5,0x01,0x00,0x06,0x14,0xf5,0x01,0x00,0x07 /* 901e58 ................ */
	.byte 0x00,0x00,0x00,0x00,0x00,0x00,0x00,0x00                         /* 901e68 ........ */
	.4byte pcp_psc_sm__psc_done - 0x008c0000 /* 901e70 */
	.byte 0x00                                                            /* 901e74 . */
	.4byte pcp_psc_sm__psc_done - 0x008c0000 /* 901e75 */
	.byte 0x00                                                            /* 901e79 . */
	.4byte pcp_psc_sm__psc_start_flow_8e1c14 - 0x008c0000 /* 901e7a */
	.byte 0x01,0x14,0xf5,0x01,0x00,0x01,0x14,0xf5,0x01,0x00,0x00          /* 901e7e ........... */
	.4byte pcp_psc_sm__psc_done - 0x008c0000 /* 901e89 */
	.byte 0x00,0x14,0xf5,0x01,0x00,0x00,0x14,0xf5,0x01,0x00,0x00          /* 901e8d ........... */
	.4byte pcp_psc_sm__send_usol_psc_resp_sm_8e5d90 - 0x008c0000 /* 901e98 */
	.byte 0x01                                                            /* 901e9c . */
	.4byte basic_sm__error_handler - 0x008c0000 /* 901e9d */
	.byte 0x01,0x14,0xf5,0x01,0x00,0x00                                   /* 901ea1 ...... */
	.4byte pcp_psc_sm__action_8c69d0 - 0x008c0000 /* 901ea7 */
	.byte 0x00,0x06,0x02,0x00,0x00,0x70,0x1e,0x80,0x00,0xac,0x04,0x80,0x00,0x78,0x0b,0x80 /* 901eab .....p.......x.. */
	.byte 0x00,0x00,0x00,0x00,0x00                                        /* 901ebb ..... */
	.4byte sta_psc_sm__psc_start_flow - 0x008c0000 /* 901ec0 */
	.byte 0x01                                                            /* 901ec4 . */
	.4byte basic_sm__error_handler - 0x008c0000 /* 901ec5 */
	.byte 0x01,0x14,0xf5,0x01,0x00,0x00                                   /* 901ec9 ...... */
	.4byte sta_psc_sm__psc_req_tx_complete_8e19c0 - 0x008c0000 /* 901ecf */
	.byte 0x01                                                            /* 901ed3 . */
	.4byte basic_sm__error_handler - 0x008c0000 /* 901ed4 */
	.byte 0x00                                                            /* 901ed8 . */
	.4byte sta_psc_sm__action_8c318c - 0x008c0000 /* 901ed9 */
	.byte 0x00,0x14,0xf5,0x01,0x00,0x00                                   /* 901edd ...... */
	.4byte sta_psc_sm__send_psc_req_flow_sm - 0x008c0000 /* 901ee3 */
	.byte 0x01,0x14,0xf5,0x01,0x00,0x00                                   /* 901ee7 ...... */
	.4byte sta_psc_sm__max_retry_handler - 0x008c0000 /* 901eed */
	.byte 0x00                                                            /* 901ef1 . */
	.4byte sta_psc_sm__action_8ea864 - 0x008c0000 /* 901ef2 */
	.byte 0x00,0x14,0xf5,0x01,0x00,0x01,0x14,0xf5,0x01,0x00,0x00          /* 901ef6 ........... */
	.4byte sta_psc_sm__action_8c69d4 - 0x008c0000 /* 901f01 */
	.byte 0x00,0x00,0x00,0x07,0x02,0x00,0x00,0xc0,0x1e,0x80,0x00,0xb4,0x04,0x80,0x00,0x9c /* 901f05 ................ */
	.byte 0x0b,0x80,0x00,0x00,0x00,0x00,0x00,0x00,0x04,0x1b,0x08,0x1b,0x1b,0x1b,0x0f,0x1b /* 901f15 ................ */
	.byte 0x1b,0x1b,0x1b,0x1b,0x1b,0x1b,0x13,0x06,0x0a,0x29,0x29,0x15,0x29,0x29,0x29,0x1e /* 901f25 .........)).))). */
	.byte 0x29,0x29,0x29,0x29,0x29,0x29,0x29,0x25,0x00,0x00,0x00,0x00,0x00,0x0e,0x00,0x13 /* 901f35 )))))))%........ */
	.byte 0x00,0x22,0x00,0x4f,0x00,0x2f,0x00,0x41,0x00,0x90,0x01,0x5e,0x00,0x6d,0x00,0x90 /* 901f45 .".O./.A...^.m.. */
	.byte 0x01,0x90,0x01,0x90,0x01,0x90,0x01,0x90,0x01,0x90,0x01,0x90,0x01,0x7c,0x00,0x90 /* 901f55 .............|.. */
	.byte 0x01,0x8b,0x00,0x46,0x00,0x9a,0x00,0xa9,0x00,0xb0,0x00,0xb4,0x00,0xc2,0x00,0x90 /* 901f65 ...F............ */
	.byte 0x01,0x90,0x01,0x90,0x01,0x90,0x01,0x90,0x01,0x90,0x01,0xdd,0x00,0xef,0x00,0x01 /* 901f75 ................ */
	.byte 0x01,0x05,0x01,0xd0,0x00,0x18,0x01,0x26,0x01,0x35,0x01,0x46,0x01,0x57,0x01,0x90 /* 901f85 .......&.5.F.W.. */
	.byte 0x01,0x65,0x01,0x74,0x01,0x90,0x01,0x79,0x01,0x7d,0x01,0x82,0x01,0x00,0x00,0x00 /* 901f95 .e.t...y.}...... */
	.byte 0x00,0x00,0x00,0x80,0x20,0x00,0x00,0x00,0x00,0x00,0x00,0x00,0x00,0x00,0x00,0x24 /* 901fa5 .... ..........$ */
	.byte 0x02,0x00,0x00,0xa0,0x02,0x00,0x00,0x00,0x00,0x00,0x00,0x00,0x00,0x00,0x00,0x20 /* 901fb5 ...............  */
	.byte 0x00,0x00,0x00,0x02,0x00,0x00,0x00,0x4c,0x04,0x00,0x00,0x4c,0x04,0x00,0x00,0x00 /* 901fc5 .......L...L.... */
	.byte 0x00,0x00,0x00,0x00,0x00,0x00,0x00,0x01,0x00,0x00,0x00,0x02,0x00,0x00,0x00,0x00 /* 901fd5 ................ */
	.byte 0x00,0x00,0x00,0x02,0x00,0x00,0x00,0x00,0x00,0x00,0x00,0x00,0x00,0x00,0x00,0x00 /* 901fe5 ................ */
	.byte 0x00,0x00,0x00,0x00,0x00,0x00,0x00,0x00,0x00,0x00,0x00,0x00,0x00,0x00,0x00,0x00 /* 901ff5 ................ */
	.byte 0x00,0x00,0x7f,0x00,0x00,0x00,0x00,0x01,0x00,0x00,0x00,0x3f,0x00,0x00,0x00,0xe8 /* 902005 ...........?.... */
	.byte 0x25,0x00,0x00,0x00,0x00,0x00,0x00,0xec,0x25,0x00,0x00,0x00,0x00,0x00,0x00,0xf0 /* 902015 %.......%....... */
	.byte 0x25,0x00,0x00,0x00,0x00,0x00,0x00,0xf4,0x25,0x00,0x00,0x00,0x00,0x00,0x00,0xf8 /* 902025 %.......%....... */
	.byte 0x25,0x00,0x00,0x00,0x00,0x00,0x00,0xfc,0x25,0x00,0x00,0x00,0x00,0x00,0x00,0x00 /* 902035 %.......%....... */
	.byte 0x20,0x00,0x00,0xfc,0x22,0x00,0x00,0x00,0x00,0x00,0x00,0x00,0x00,0x00,0x00,0x00 /* 902045  ..."........... */
	.byte 0x06,0x00,0x00,0x02,0x00,0x00,0x00,0x00,0x00,0x00,0x00,0x01,0x00,0x00,0x00,0xe5 /* 902055 ................ */
	.byte 0x01,0xb2,0x05,0xce,0x01,0xd9,0x01,0xb2,0x05,0xb2,0x05,0x96,0x01,0xb2,0x05,0xb2 /* 902065 ................ */
	.byte 0x05,0xb7,0x05,0xb2,0x05,0xb2,0x05,0xb2,0x05,0xb2,0x05,0xdb,0x02,0xb2,0x05,0xb2 /* 902075 ................ */
	.byte 0x05,0xb2,0x05,0xb2,0x05,0xb2,0x05,0xb2,0x05,0x17,0x03,0x23,0x03,0x00,0x00,0xa7 /* 902085 ...........#.... */
	.byte 0x01,0xa3,0x05,0xa3,0x05,0xa3,0x05,0xa3,0x05,0xa3,0x05,0x95,0x01,0xa3,0x05,0xa3 /* 902095 ................ */
	.byte 0x05,0xa3,0x05,0xa3,0x05,0xa3,0x05,0xa3,0x05,0xa3,0x05,0xa3,0x05,0xa3,0x05,0xa3 /* 9020a5 ................ */
	.byte 0x05,0xa3,0x05,0xa3,0x05,0xa3,0x05,0xa3,0x05,0xa3,0x05,0xa3,0x05,0xa3,0x05,0xb3 /* 9020b5 ................ */
	.byte 0x01,0xe4,0x01,0xf0,0x01,0x56,0x02,0x62,0x02,0x6e,0x02,0x7a,0x02,0x92,0x02,0x9e /* 9020c5 .....V.b.n.z.... */
	.byte 0x02,0xaa,0x02,0x8d,0x05,0xe0,0x02,0x88,0x05,0x88,0x05,0x88,0x05,0xd4,0x02,0x88 /* 9020d5 ................ */
	.byte 0x05,0x88,0x05,0x88,0x05,0x88,0x05,0x88,0x05,0x88,0x05,0x88,0x05,0xfb,0x03,0x06 /* 9020e5 ................ */
	.byte 0x04,0x88,0x05,0x88,0x05,0x88,0x05,0x88,0x05,0x88,0x05,0x05,0x03,0x88,0x05,0x88 /* 9020f5 ................ */
	.byte 0x05,0x88,0x05,0x88,0x05,0x88,0x05,0x88,0x05,0x88,0x05,0x88,0x05,0x88,0x05,0xb7 /* 902105 ................ */
	.byte 0x03,0x88,0x05,0x88,0x05,0x54,0x01,0x60,0x01,0x88,0x05,0x88,0x05,0x88,0x05,0x88 /* 902115 .....T.`........ */
	.byte 0x05,0x62,0x05,0x3a,0x01,0x00,0x00,0xa8,0x04,0x73,0x05,0x73,0x05,0xf6,0x02,0xfd /* 902125 .b.:.....s.s.... */
	.byte 0x02,0x83,0x03,0x73,0x05,0x6b,0x03,0x39,0x03,0x5f,0x05,0x5f,0x05,0x5f,0x05,0xe8 /* 902135 ...s.k.9._._._.. */
	.byte 0x03,0xf4,0x03,0x5f,0x05,0x5f,0x05,0x5f,0x05,0x5f,0x05,0x5f,0x05,0x5f,0x05,0x5f /* 902145 ..._._._._._._._ */
	.byte 0x05,0x5f,0x05,0x5f,0x05,0x5f,0x05,0xf0,0x01,0xfc,0x01,0xa7,0x01,0xb2,0x01,0xbd /* 902155 ._._._.......... */
	.byte 0x01,0xc8,0x01,0x77,0x02,0x83,0x02,0x42,0x05,0xea,0x01,0xe1,0x03,0x42,0x05,0x42 /* 902165 ...w...B.....B.B */
	.byte 0x05,0x42,0x05,0x42,0x05,0x7c,0x03,0x14,0x04,0xd2,0x02,0x89,0x03,0x00,0x00,0xac /* 902175 .B.B.|.......... */
	.byte 0x02,0xb4,0x02,0xb8,0x02,0xa1,0x02,0xbc,0x02,0xc9,0x02,0x56,0x04,0x75,0x04,0x8b /* 902185 ...........V.u.. */
	.byte 0x04,0xa3,0x04,0xc9,0x03,0x00,0x00,0xde,0x03,0xf1,0x02,0xf7,0x02,0x91,0x04,0x91 /* 902195 ................ */
	.byte 0x04,0x91,0x04,0x91,0x04,0x91,0x04,0x77,0x04,0x82,0x04,0x00,0x00,0x00,0x00,0x00 /* 9021a5 .......w........ */
	.byte 0x00,0x00,0x00,0x00,0x00,0x00,0x00,0x00,0x00,0x00,0x00,0x00,0x00,0x00,0x00,0x00 /* 9021b5 ................ */
	.byte 0x00,0x00,0x00,0x00,0x01,0x40,0x5f,0x00,0x00,0x00,0x00,0x00,0x00,0x00,0x00,0x3f /* 9021c5 .....@_........? */
	.byte 0x00,0x00,0x00,0x00,0x00,0x0d,0x0b,0x0b,0x0b,0x00,0x00,0x00,0x1c,0x04,0x09,0x0e /* 9021d5 ................ */
	.byte 0x13,0x18,0x00,0x07,0x00,0x17,0x00,0x17,0x00,0x17,0x00,0x17,0x00,0x17,0x00,0x00 /* 9021e5 ................ */
	.byte 0x00,0x07,0x00,0x17,0x00,0x17,0x00,0x17,0x00,0x17,0x00,0x07,0x00,0x0e,0x00,0x0e /* 9021f5 ................ */
	.byte 0x00,0x0e,0x00,0x07,0x00,0x00,0x00,0x4a,0x0c,0x3a,0x4a,0x5a,0x3a,0x4a,0x47,0x5a /* 902205 .......J.:JZ:JGZ */
	.byte 0x5a,0x47,0x5a,0x47,0x3a,0x3a,0x3a,0x4a,0x2a,0x3d,0x00,0x2a,0x3d,0x5a,0x00,0x00 /* 902215 ZGZG:::J*=.*=Z.. */
	.byte 0x03,0x05,0x06,0x07,0x08,0x08,0x09,0xff,0x00,0x00,0x00,0x00,0x00,0x00,0x00,0x06 /* 902225 ................ */
	.byte 0x04,0x00,0x00,0x48,0x22,0x80,0x00,0xe0,0x0d,0x80,0x00,0xf0,0x0d,0x80,0x00,0x00 /* 902235 ...H"........... */
	.byte 0x00,0x00,0x00                                                  /* 902245 ... */
	.4byte calib_engine__on_start - 0x008c0000 /* 902248 */
	.byte 0x01                                                            /* 90224c . */
	.4byte basic_sm__error_handler - 0x008c0000 /* 90224d */
	.byte 0x01                                                            /* 902251 . */
	.4byte basic_sm__error_handler - 0x008c0000 /* 902252 */
	.byte 0x02                                                            /* 902256 . */
	.4byte basic_sm__error_handler - 0x008c0000 /* 902257 */
	.byte 0x03                                                            /* 90225b . */
	.4byte basic_sm__error_handler - 0x008c0000 /* 90225c */
	.byte 0x00                                                            /* 902260 . */
	.4byte calib_engine__on_ready_for_correction - 0x008c0000 /* 902261 */
	.byte 0x03                                                            /* 902265 . */
	.4byte calib_engine__on_ready_for_correction - 0x008c0000 /* 902266 */
	.byte 0x03                                                            /* 90226a . */
	.4byte basic_sm__error_handler - 0x008c0000 /* 90226b */
	.byte 0x03                                                            /* 90226f . */
	.4byte basic_sm__error_handler - 0x008c0000 /* 902270 */
	.byte 0x00                                                            /* 902274 . */
	.4byte calib_engine__on_lock_radio - 0x008c0000 /* 902275 */
	.byte 0x02                                                            /* 902279 . */
	.4byte basic_sm__error_handler - 0x008c0000 /* 90227a */
	.byte 0x02                                                            /* 90227e . */
	.4byte basic_sm__error_handler - 0x008c0000 /* 90227f */
	.byte 0x03                                                            /* 902283 . */
	.4byte basic_sm__error_handler - 0x008c0000 /* 902284 */
	.byte 0x00                                                            /* 902288 . */
	.4byte basic_sm__error_handler - 0x008c0000 /* 902289 */
	.byte 0x01                                                            /* 90228d . */
	.4byte basic_sm__error_handler - 0x008c0000 /* 90228e */
	.byte 0x02                                                            /* 902292 . */
	.4byte calib_engine__on_frag_done - 0x008c0000 /* 902293 */
	.byte 0x01                                                            /* 902297 . */
	.4byte basic_sm__error_handler - 0x008c0000 /* 902298 */
	.byte 0x00                                                            /* 90229c . */
	.4byte calib_engine__on_calib_done - 0x008c0000 /* 90229d */
	.byte 0x00                                                            /* 9022a1 . */
	.4byte basic_sm__error_handler - 0x008c0000 /* 9022a2 */
	.byte 0x02                                                            /* 9022a6 . */
	.4byte basic_sm__error_handler - 0x008c0000 /* 9022a7 */
	.byte 0x03,0x14,0xf5,0x01,0x00,0x00                                   /* 9022ab ...... */
	.4byte calib_engine__on_abort - 0x008c0000 /* 9022b1 */
	.byte 0x00                                                            /* 9022b5 . */
	.4byte calib_engine__on_abort - 0x008c0000 /* 9022b6 */
	.byte 0x00                                                            /* 9022ba . */
	.4byte calib_engine__on_abort - 0x008c0000 /* 9022bb */
	.byte 0x00,0x01,0x00,0x00,0x00,0x0d,0x90,0x00,0xa0,0xff,0xff,0xff,0xff,0x00,0x00,0x00 /* 9022bf ................ */
	.byte 0x00,0x0d,0x90,0x00,0xb0,0xff,0xff,0xff,0xff,0x02,0x00,0x00,0x00,0x0e,0x90,0x01 /* 9022cf ................ */
	.byte 0xc0,0x0e,0x90,0x0c,0xc0,0x03,0x00,0x00,0x00,0x0d,0x90,0x01,0xc0,0x0d,0x90,0x0c /* 9022df ................ */
	.byte 0xc0,0x04,0x00,0x00,0x00,0x0e,0x90,0x02,0xc0,0x0e,0x90,0x0c,0xc0,0x05,0x00,0x00 /* 9022ef ................ */
	.byte 0x00,0x0d,0x90,0x02,0xc0,0x0d,0x90,0x0c,0xc0,0x06,0x00,0x00,0x00,0x0e,0x90,0x03 /* 9022ff ................ */
	.byte 0xc0,0x0e,0x90,0x0c,0xc0,0x07,0x00,0x00,0x00,0x0d,0x90,0x03,0xc0,0x0d,0x90,0x0c /* 90230f ................ */
	.byte 0xc0,0x08,0x00,0x00,0x00,0x0e,0x90,0x04,0xc0,0x0e,0x90,0x0c,0xc0,0x09,0x00,0x00 /* 90231f ................ */
	.byte 0x00,0x0d,0x90,0x04,0xc0,0x0d,0x90,0x0c,0xc0,0x04,0x03,0x00,0x00,0x4c,0x23,0x80 /* 90232f .............L#. */
	.byte 0x00,0xf0,0x0f,0x80,0x00,0xfc,0x0f,0x80,0x00,0x00,0x00,0x00,0x00 /* 90233f ............. */
	.4byte rf_mgmt_sm__action_8e248c - 0x008c0000 /* 90234c */
	.byte 0x00                                                            /* 902350 . */
	.4byte rf_mgmt_sm__action_8c6010 - 0x008c0000 /* 902351 */
	.byte 0x01                                                            /* 902355 . */
	.4byte rf_mgmt_sm__action_8c6010 - 0x008c0000 /* 902356 */
	.byte 0x02                                                            /* 90235a . */
	.4byte rf_mgmt_sm__action_8c8fcc - 0x008c0000 /* 90235b */
	.byte 0x02                                                            /* 90235f . */
	.4byte rf_mgmt_sm__action_8e247c - 0x008c0000 /* 902360 */
	.byte 0x01                                                            /* 902364 . */
	.4byte rf_mgmt_sm__action_8eaaa8 - 0x008c0000 /* 902365 */
	.byte 0x02,0x14,0xf5,0x01,0x00,0x00                                   /* 902369 ...... */
	.4byte basic_sm__error_handler - 0x008c0000 /* 90236f */
	.byte 0x01                                                            /* 902373 . */
	.4byte low_sme__send_rf_mgmt_status - 0x008c0000 /* 902374 */
	.byte 0x01                                                            /* 902378 . */
	.4byte basic_sm__error_handler - 0x008c0000 /* 902379 */
	.byte 0x00                                                            /* 90237d . */
	.4byte low_sme__send_rf_mgmt_status - 0x008c0000 /* 90237e */
	.byte 0x00                                                            /* 902382 . */
	.4byte low_sme__send_rf_mgmt_status - 0x008c0000 /* 902383 */
	.byte 0x00,0x00,0x00,0x3c,0x00,0x3c,0x00,0x3c,0x00,0x3c,0x00,0x07,0x00,0x3c,0x00,0x14 /* 902387 ...<.<.<.<...<.. */
	.byte 0x00,0x3c,0x00,0x3c,0x00,0x00,0x00,0x3c,0x00,0x3c,0x00,0x3c,0x00,0x3c,0x00,0x3c /* 902397 .<.<...<.<.<.<.< */
	.byte 0x00,0x3c,0x00,0x21,0x00,0x2a,0x00,0x36,0x00,0x21,0x00,0x2a,0x00,0x33,0x00,0x00 /* 9023a7 .<.!.*.6.!.*.3.. */
	.byte 0x00,0x00,0x09,0x0c,0x03,0x06,0x00,0x00,0x00,0x00,0x0a,0x0d,0x03,0x06,0x00,0x00 /* 9023b7 ................ */
	.byte 0x00,0x00,0x03,0x17,0x17,0x07,0x0a,0x17,0x17,0x0e,0x00,0x00,0x00,0xbc,0x15,0xa7 /* 9023c7 ................ */
	.byte 0xbc,0xbc,0x00,0x00,0x00,0x44,0x3d,0x00,0x3d,0x3d,0x00,0x00,0x00,0x3a,0x2f,0x2f /* 9023d7 .....D=.==...:// */
	.byte 0x00,0x00,0x00,0x00,0x00,0xb6,0xb6,0xb6,0x00,0xb6,0x00,0x00,0x00,0x1b,0x10,0x10 /* 9023e7 ................ */
	.byte 0x00,0x00,0x00,0x00,0x00,0x04,0x02,0x00,0x06,0x09,0x06,0x08,0x08,0x08,0x00,0x00 /* 9023f7 ................ */
	.byte 0x00,0x00,0x00,0x00,0x00,0x00,0x00,0x00,0x00,0x00,0x00,0x00,0x00,0x00,0x00,0x00 /* 902407 ................ */
	.byte 0x00,0x00,0x00,0x00,0x00,0x00,0x00,0x00,0x00,0x00,0x00,0x00,0x00,0xff,0xff,0xff /* 902417 ................ */
	.byte 0xff,0xff,0xff,0x00,0x00,0xc6,0xc6,0xc6,0x1e,0x68,0xc6,0xc6,0xc6,0xc6,0xc6,0xc6 /* 902427 .........h...... */
	.byte 0xc6,0xb6,0xb6,0xb6,0x00,0xb6,0x00,0x00,0x00,0x1d,0x26,0x02,0x08,0x00,0x00,0x00 /* 902437 ..........&..... */
	.byte 0x00,0x00,0x02,0x04,0x06,0x08,0x0a,0x0c,0x00,0x00,0x00,0x00,0x00,0x00,0x00,0x00 /* 902447 ................ */
	.byte 0x00,0x0e,0x03,0x00,0x00,0x6c,0x24,0x80,0x00,0x78,0x10,0x80,0x00,0x84,0x10,0x80 /* 902457 .....l$..x...... */
	.byte 0x00,0x00,0x00,0x00,0x00                                        /* 902467 ..... */
	.4byte mlme_sm_802458__action_8f1080 - 0x008c0000 /* 90246c */
	.byte 0x00                                                            /* 902470 . */
	.4byte mlme_sm__disconnect_ev_handle_8f26a8 - 0x008c0000 /* 902471 */
	.byte 0x00                                                            /* 902475 . */
	.4byte mlme_sm__disconnect_ev_handle_8f26a8 - 0x008c0000 /* 902476 */
	.byte 0x00                                                            /* 90247a . */
	.4byte mlme_sm__disconnect_ev_handle_8f26a8 - 0x008c0000 /* 90247b */
	.byte 0x00                                                            /* 90247f . */
	.4byte mlme_sm__disconnect_ev_handle_8f26a8 - 0x008c0000 /* 902480 */
	.byte 0x00                                                            /* 902484 . */
	.4byte mlme_sm__disconnect_ev_handle_8f26a8 - 0x008c0000 /* 902485 */
	.byte 0x00                                                            /* 902489 . */
	.4byte mlme_sm__disconnect_ev_handle_8f26a8 - 0x008c0000 /* 90248a */
	.byte 0x00                                                            /* 90248e . */
	.4byte mlme_sm_802458__action_8f2444 - 0x008c0000 /* 90248f */
	.byte 0x00                                                            /* 902493 . */
	.4byte mlme_sm_802458__action_8f2444 - 0x008c0000 /* 902494 */
	.byte 0x00                                                            /* 902498 . */
	.4byte mlme_sm_802458__action_8f102c - 0x008c0000 /* 902499 */
	.byte 0x00                                                            /* 90249d . */
	.4byte basic_sm__error_handler - 0x008c0000 /* 90249e */
	.byte 0x01                                                            /* 9024a2 . */
	.4byte basic_sm__error_handler - 0x008c0000 /* 9024a3 */
	.byte 0x02                                                            /* 9024a7 . */
	.4byte mlme_sm_802458__action_8f0f4c - 0x008c0000 /* 9024a8 */
	.byte 0x01                                                            /* 9024ac . */
	.4byte sm__action_nop - 0x008c0000 /* 9024ad */
	.byte 0x01                                                            /* 9024b1 . */
	.4byte sm__action_nop - 0x008c0000 /* 9024b2 */
	.byte 0x02                                                            /* 9024b6 . */
	.4byte mlme_sm__assoc_reject_ev_handle - 0x008c0000 /* 9024b7 */
	.byte 0x00                                                            /* 9024bb . */
	.4byte mlme_sm__assoc_reject_ev_handle - 0x008c0000 /* 9024bc */
	.byte 0x00                                                            /* 9024c0 . */
	.4byte sm__action_nop - 0x008c0000 /* 9024c1 */
	.byte 0x02                                                            /* 9024c5 . */
	.4byte mlme_sm__association_timeout_ev_handle - 0x008c0000 /* 9024c6 */
	.byte 0x00                                                            /* 9024ca . */
	.4byte mlme_sm__association_timeout_ev_handle - 0x008c0000 /* 9024cb */
	.byte 0x00                                                            /* 9024cf . */
	.4byte basic_sm__error_handler - 0x008c0000 /* 9024d0 */
	.byte 0x00                                                            /* 9024d4 . */
	.4byte mlme_sm_802458__action_8c5cfc - 0x008c0000 /* 9024d5 */
	.byte 0x00                                                            /* 9024d9 . */
	.4byte basic_sm__error_handler - 0x008c0000 /* 9024da */
	.byte 0x00                                                            /* 9024de . */
	.4byte basic_sm__error_handler - 0x008c0000 /* 9024df */
	.byte 0x00                                                            /* 9024e3 . */
	.4byte sm__action_nop - 0x008c0000 /* 9024e4 */
	.byte 0x00                                                            /* 9024e8 . */
	.4byte mlme_sm__data_port_open_ev_handle_8f21c0 - 0x008c0000 /* 9024e9 */
	.byte 0x02                                                            /* 9024ed . */
	.4byte sm__action_nop - 0x008c0000 /* 9024ee */
	.byte 0x02                                                            /* 9024f2 . */
	.4byte mlme_sm_802458__action_8fb430 - 0x008c0000 /* 9024f3 */
	.byte 0x00                                                            /* 9024f7 . */
	.4byte mlme_sm__disconnect_ev_handle_8f26a8 - 0x008c0000 /* 9024f8 */
	.byte 0x00                                                            /* 9024fc . */
	.4byte mlme_sm__disconnect_ev_handle_8f26a8 - 0x008c0000 /* 9024fd */
	.byte 0x00                                                            /* 902501 . */
	.4byte mlme_sm_802458__action_8f20bc - 0x008c0000 /* 902502 */
	.byte 0x00                                                            /* 902506 . */
	.4byte basic_sm__error_handler - 0x008c0000 /* 902507 */
	.byte 0x01                                                            /* 90250b . */
	.4byte basic_sm__error_handler - 0x008c0000 /* 90250c */
	.byte 0x02                                                            /* 902510 . */
	.4byte mlme_sm_802458__action_8c7e88 - 0x008c0000 /* 902511 */
	.byte 0x00                                                            /* 902515 . */
	.4byte basic_sm__error_handler - 0x008c0000 /* 902516 */
	.byte 0x01                                                            /* 90251a . */
	.4byte basic_sm__error_handler - 0x008c0000 /* 90251b */
	.byte 0x02                                                            /* 90251f . */
	.4byte mlme_sm_802458__action_8ec00c - 0x008c0000 /* 902520 */
	.byte 0x00                                                            /* 902524 . */
	.4byte mlme_sm_802458__action_8ec00c - 0x008c0000 /* 902525 */
	.byte 0x01                                                            /* 902529 . */
	.4byte mlme_sm_802458__action_8ec00c - 0x008c0000 /* 90252a */
	.byte 0x02                                                            /* 90252e . */
	.4byte mlme_sm_802458__action_8c7de0 - 0x008c0000 /* 90252f */
	.byte 0x00                                                            /* 902533 . */
	.4byte mlme_sm_802458__action_8c7de0 - 0x008c0000 /* 902534 */
	.byte 0x01                                                            /* 902538 . */
	.4byte mlme_sm_802458__action_8c7de0 - 0x008c0000 /* 902539 */
	.byte 0x02,0x00,0x00,0x00,0x67,0xc6,0xc6,0xc6,0xc6,0xc6,0xc6,0xc6,0xc6,0x79,0x00,0x25 /* 90253d ....g........y.% */
	.byte 0x0e,0x1d,0x21,0x17,0x00,0x00,0x00                              /* 90254d ..!.... */
	.4byte conn_main_sm__action_8e7a3c - 0x008c0000 /* 902554 */
	.byte 0x01                                                            /* 902558 . */
	.4byte conn_msm__on_own_start_link__ready_for_assoc - 0x008c0000 /* 902559 */
	.byte 0x01                                                            /* 90255d . */
	.4byte conn_msm__on_own_start_link__ready_for_assoc - 0x008c0000 /* 90255e */
	.byte 0x01                                                            /* 902562 . */
	.4byte conn_msm__on_own_start_link__ready_for_assoc - 0x008c0000 /* 902563 */
	.byte 0x01,0x14,0xf5,0x01,0x00,0x04,0x14,0xf5,0x01,0x00,0x05,0x14,0xf5,0x01,0x00,0x06 /* 902567 ................ */
	.byte 0x14,0xf5,0x01,0x00,0x07,0x14,0xf5,0x01,0x00,0x08               /* 902577 .......... */
	.4byte conn_main_sm__action_8df500 - 0x008c0000 /* 902581 */
	.byte 0x00                                                            /* 902585 . */
	.4byte conn_main_sm__action_8c475c - 0x008c0000 /* 902586 */
	.byte 0x02,0x14,0xf5,0x01,0x00,0x02,0x14,0xf5,0x01,0x00,0x03,0x14,0xf5,0x01,0x00,0x04 /* 90258a ................ */
	.byte 0x14,0xf5,0x01,0x00,0x05,0x14,0xf5,0x01,0x00,0x06               /* 90259a .......... */
	.4byte conn_main_sm__bcon_rx_timeout_evt - 0x008c0000 /* 9025a4 */
	.byte 0x07,0x14,0xf5,0x01,0x00,0x08,0x14,0xf5,0x01,0x00,0x00,0x14,0xf5,0x01,0x00,0x01 /* 9025a8 ................ */
	.4byte conn_main_sm__linkup_ntf - 0x008c0000 /* 9025b8 */
	.byte 0x03                                                            /* 9025bc . */
	.4byte conn_main_sm__action_8c4898 - 0x008c0000 /* 9025bd */
	.byte 0x03,0x14,0xf5,0x01,0x00,0x04,0x14,0xf5,0x01,0x00,0x05,0x14,0xf5,0x01,0x00,0x06 /* 9025c1 ................ */
	.byte 0x14,0xf5,0x01,0x00,0x07,0x14,0xf5,0x01,0x00,0x08,0x14,0xf5,0x01,0x00,0x00,0x14 /* 9025d1 ................ */
	.byte 0xf5,0x01,0x00,0x01,0x14,0xf5,0x01,0x00,0x02                    /* 9025e1 ......... */
	.4byte conn_main_sm__action_8c3bf4 - 0x008c0000 /* 9025ea */
	.byte 0x04,0x14,0xf5,0x01,0x00,0x04,0x14,0xf5,0x01,0x00,0x05,0x14,0xf5,0x01,0x00,0x06 /* 9025ee ................ */
	.byte 0x14,0xf5,0x01,0x00,0x07,0x14,0xf5,0x01,0x00,0x08               /* 9025fe .......... */
	.4byte basic_sm__error_handler - 0x008c0000 /* 902608 */
	.byte 0x00                                                            /* 90260c . */
	.4byte basic_sm__error_handler - 0x008c0000 /* 90260d */
	.byte 0x01                                                            /* 902611 . */
	.4byte basic_sm__error_handler - 0x008c0000 /* 902612 */
	.byte 0x02                                                            /* 902616 . */
	.4byte conn_main_sm__action_8c3c60 - 0x008c0000 /* 902617 */
	.byte 0x04,0x14,0xf5,0x01,0x00,0x04                                   /* 90261b ...... */
	.4byte basic_sm__error_handler - 0x008c0000 /* 902621 */
	.byte 0x05                                                            /* 902625 . */
	.4byte basic_sm__error_handler - 0x008c0000 /* 902626 */
	.byte 0x06                                                            /* 90262a . */
	.4byte basic_sm__error_handler - 0x008c0000 /* 90262b */
	.byte 0x07                                                            /* 90262f . */
	.4byte basic_sm__error_handler - 0x008c0000 /* 902630 */
	.byte 0x08                                                            /* 902634 . */
	.4byte basic_sm__error_handler - 0x008c0000 /* 902635 */
	.byte 0x00                                                            /* 902639 . */
	.4byte basic_sm__error_handler - 0x008c0000 /* 90263a */
	.byte 0x01                                                            /* 90263e . */
	.4byte conn_main_sm__action_8c3c60 - 0x008c0000 /* 90263f */
	.byte 0x06                                                            /* 902643 . */
	.4byte conn_main_sm__action_8c3c60 - 0x008c0000 /* 902644 */
	.byte 0x06                                                            /* 902648 . */
	.4byte conn_main_sm__action_8c3c60 - 0x008c0000 /* 902649 */
	.byte 0x06,0x14,0xf5,0x01,0x00,0x05,0x14,0xf5,0x01,0x00,0x06,0x14,0xf5,0x01,0x00,0x07 /* 90264d ................ */
	.byte 0x14,0xf5,0x01,0x00,0x08                                        /* 90265d ..... */
	.4byte basic_sm__error_handler - 0x008c0000 /* 902662 */
	.byte 0x00                                                            /* 902666 . */
	.4byte basic_sm__error_handler - 0x008c0000 /* 902667 */
	.byte 0x01                                                            /* 90266b . */
	.4byte basic_sm__error_handler - 0x008c0000 /* 90266c */
	.byte 0x02                                                            /* 902670 . */
	.4byte basic_sm__error_handler - 0x008c0000 /* 902671 */
	.byte 0x03                                                            /* 902675 . */
	.4byte conn_main_sm__action_8e2554 - 0x008c0000 /* 902676 */
	.byte 0x04                                                            /* 90267a . */
	.4byte basic_sm__error_handler - 0x008c0000 /* 90267b */
	.byte 0x05                                                            /* 90267f . */
	.4byte conn_main_sm__action_8db038 - 0x008c0000 /* 902680 */
	.byte 0x05                                                            /* 902684 . */
	.4byte basic_sm__error_handler - 0x008c0000 /* 902685 */
	.byte 0x07,0x14,0xf5,0x01,0x00,0x08                                   /* 902689 ...... */
	.4byte basic_sm__error_handler - 0x008c0000 /* 90268f */
	.byte 0x00                                                            /* 902693 . */
	.4byte basic_sm__error_handler - 0x008c0000 /* 902694 */
	.byte 0x01                                                            /* 902698 . */
	.4byte basic_sm__error_handler - 0x008c0000 /* 902699 */
	.byte 0x02                                                            /* 90269d . */
	.4byte basic_sm__error_handler - 0x008c0000 /* 90269e */
	.byte 0x03                                                            /* 9026a2 . */
	.4byte basic_sm__error_handler - 0x008c0000 /* 9026a3 */
	.byte 0x04                                                            /* 9026a7 . */
	.4byte conn_main_sm__action_8da6b0 - 0x008c0000 /* 9026a8 */
	.byte 0x07                                                            /* 9026ac . */
	.4byte basic_sm__error_handler - 0x008c0000 /* 9026ad */
	.byte 0x06,0x14,0xf5,0x01,0x00,0x07,0x14,0xf5,0x01,0x00,0x08          /* 9026b1 ........... */
	.4byte conn_main_sm__start_disc_8e797c - 0x008c0000 /* 9026bc */
	.byte 0x08                                                            /* 9026c0 . */
	.4byte conn_main_sm__start_disc_8e797c - 0x008c0000 /* 9026c1 */
	.byte 0x08                                                            /* 9026c5 . */
	.4byte conn_main_sm__start_disc_8e797c - 0x008c0000 /* 9026c6 */
	.byte 0x08                                                            /* 9026ca . */
	.4byte conn_main_sm__action_8df500 - 0x008c0000 /* 9026cb */
	.byte 0x03                                                            /* 9026cf . */
	.4byte conn_main_sm__start_disc_8e797c - 0x008c0000 /* 9026d0 */
	.byte 0x08                                                            /* 9026d4 . */
	.4byte conn_main_sm__start_disc_8e797c - 0x008c0000 /* 9026d5 */
	.byte 0x08                                                            /* 9026d9 . */
	.4byte conn_main_sm__start_disc_8e797c - 0x008c0000 /* 9026da */
	.byte 0x08                                                            /* 9026de . */
	.4byte conn_main_sm__start_disc_8e797c - 0x008c0000 /* 9026df */
	.byte 0x08                                                            /* 9026e3 . */
	.4byte conn_main_sm__action_8df500 - 0x008c0000 /* 9026e4 */
	.byte 0x08                                                            /* 9026e8 . */
	.4byte basic_sm__error_handler - 0x008c0000 /* 9026e9 */
	.byte 0x00                                                            /* 9026ed . */
	.4byte basic_sm__error_handler - 0x008c0000 /* 9026ee */
	.byte 0x01                                                            /* 9026f2 . */
	.4byte basic_sm__error_handler - 0x008c0000 /* 9026f3 */
	.byte 0x02                                                            /* 9026f7 . */
	.4byte basic_sm__error_handler - 0x008c0000 /* 9026f8 */
	.byte 0x03                                                            /* 9026fc . */
	.4byte basic_sm__error_handler - 0x008c0000 /* 9026fd */
	.byte 0x04                                                            /* 902701 . */
	.4byte basic_sm__error_handler - 0x008c0000 /* 902702 */
	.byte 0x05                                                            /* 902706 . */
	.4byte basic_sm__error_handler - 0x008c0000 /* 902707 */
	.byte 0x06                                                            /* 90270b . */
	.4byte basic_sm__error_handler - 0x008c0000 /* 90270c */
	.byte 0x07                                                            /* 902710 . */
	.4byte conn_main_sm__action_8c9050 - 0x008c0000 /* 902711 */
	.byte 0x03,0x14,0xf5,0x01,0x00,0x00                                   /* 902715 ...... */
	.4byte basic_sm__error_handler - 0x008c0000 /* 90271b */
	.byte 0x01,0x14,0xf5,0x01,0x00,0x00,0x14,0xf5,0x01,0x00,0x00          /* 90271f ........... */
	.4byte basic_sm__error_handler - 0x008c0000 /* 90272a */
	.byte 0x04                                                            /* 90272e . */
	.4byte basic_sm__error_handler - 0x008c0000 /* 90272f */
	.byte 0x05                                                            /* 902733 . */
	.4byte basic_sm__error_handler - 0x008c0000 /* 902734 */
	.byte 0x06                                                            /* 902738 . */
	.4byte basic_sm__error_handler - 0x008c0000 /* 902739 */
	.byte 0x07                                                            /* 90273d . */
	.4byte basic_sm__error_handler - 0x008c0000 /* 90273e */
	.byte 0x00,0x00,0x0b,0x09,0x00,0x00,0x54,0x25,0x80,0x00,0xc8,0x10,0x80,0x00,0xec,0x10 /* 902742 ......T%........ */
	.byte 0x80,0x00,0x00,0x00,0x00,0x00                                   /* 902752 ...... */
	.4byte mlme_sm_8027a0__action_8f24d8 - 0x008c0000 /* 902758 */
	.byte 0x01,0x14,0xf5,0x01,0x00,0x01,0x14,0xf5,0x01,0x00,0x00          /* 90275c ........... */
	.4byte mlme_sm_8027a0__action_8f9ca8 - 0x008c0000 /* 902767 */
	.byte 0x01                                                            /* 90276b . */
	.4byte mlme_sm_8027a0__action_8f6b94 - 0x008c0000 /* 90276c */
	.byte 0x00                                                            /* 902770 . */
	.4byte wait_for_disconnect - 0x008c0000 /* 902771 */
	.byte 0x01,0x14,0xf5,0x01,0x00,0x00                                   /* 902775 ...... */
	.4byte mlme_sm_8027a0__action_8f6230 - 0x008c0000 /* 90277b */
	.byte 0x01,0x14,0xf5,0x01,0x00,0x00                                   /* 90277f ...... */
	.4byte mlme_sm_8027a0__action_8f3314 - 0x008c0000 /* 902785 */
	.byte 0x01,0x14,0xf5,0x01,0x00,0x00                                   /* 902789 ...... */
	.4byte mlme_sm_8027a0__action_8f24c0 - 0x008c0000 /* 90278f */
	.byte 0x00                                                            /* 902793 . */
	.4byte mlme_sm_8027a0__action_8f6b94 - 0x008c0000 /* 902794 */
	.byte 0x00                                                            /* 902798 . */
	.4byte conn_disc_sm__disassoc_sent_cb - 0x008c0000 /* 902799 */
	.byte 0x01,0x00,0x00,0x07,0x02,0x00,0x00,0x58,0x27,0x80,0x00,0xd4,0x04,0x80,0x00,0x24 /* 90279d .......X'......$ */
	.byte 0x11,0x80,0x00,0x00,0x00,0x00,0x00,0x18,0x18,0x04,0x00,0x04,0x00,0x00,0x04,0x00 /* 9027ad ................ */
	.byte 0x04,0x00,0x04,0x00,0x04,0x04,0x04,0x00,0x10,0x0c,0x12,0x10,0x0c,0x18,0x00,0x00 /* 9027bd ................ */
	.byte 0x00,0x00,0x00,0x00,0x00,0x00,0x00,0x00,0x00,0x00,0x00,0x00,0x00,0x00,0x00,0x16 /* 9027cd ................ */
	.byte 0x01,0xee,0x00,0x16,0x01,0xcd,0x00,0x00,0x00,0x79,0x00,0x3d,0x00,0xa3,0x00,0xb8 /* 9027dd .........y.=.... */
	.byte 0x00,0x16,0x01,0x3c,0x01,0x00,0x00,0x4a,0x00,0x00,0x00,0x20,0x00,0x30,0x00,0x1e /* 9027ed ...<...J... .0.. */
	.byte 0x01,0x1e,0x01,0xf8,0x00,0x00,0x00,0x17,0x17,0x17,0x17,0x3f,0x17,0x26,0x17,0x00 /* 9027fd ...........?.&.. */
	.byte 0x17,0x5a,0x00,0x00,0x07,0x0b,0x2e,0x2e,0x00,0x00,0x00,0x04,0x04,0x00,0x06,0x0a /* 90280d .Z.............. */
	.byte 0x0a,0x00,0x00,0x05,0x05,0x00,0x07,0x0b,0x0b,0x00,0x00,0x00,0x00,0x00,0x00,0x00 /* 90281d ................ */
	.byte 0x00,0x00,0x00,0x00,0x00,0x00,0x00,0x00,0x00,0x00,0x00,0x06,0x06,0x00,0x09,0x0e /* 90282d ................ */
	.byte 0x0e,0x00,0x00                                                  /* 90283d ... */
	.4byte ba_sm__action_8e0d9c - 0x008c0000 /* 902840 */
	.byte 0x01                                                            /* 902844 . */
	.4byte ba_sm__action_8ea754 - 0x008c0000 /* 902845 */
	.byte 0x01                                                            /* 902849 . */
	.4byte ba_sm__action_8ea754 - 0x008c0000 /* 90284a */
	.byte 0x02                                                            /* 90284e . */
	.4byte ba_sm__action_8ea754 - 0x008c0000 /* 90284f */
	.byte 0x03                                                            /* 902853 . */
	.4byte ba_sm__action_8ea754 - 0x008c0000 /* 902854 */
	.byte 0x04                                                            /* 902858 . */
	.4byte ba_sm__action_8ea780 - 0x008c0000 /* 902859 */
	.byte 0x00                                                            /* 90285d . */
	.4byte ba_sm__action_8ea780 - 0x008c0000 /* 90285e */
	.byte 0x01                                                            /* 902862 . */
	.4byte ba_sm__prepare_ba_td_8e0ddc - 0x008c0000 /* 902863 */
	.byte 0x03                                                            /* 902867 . */
	.4byte ba_sm__action_8ea780 - 0x008c0000 /* 902868 */
	.byte 0x03                                                            /* 90286c . */
	.4byte ba_sm__action_8ea780 - 0x008c0000 /* 90286d */
	.byte 0x04                                                            /* 902871 . */
	.4byte basic_sm__error_handler - 0x008c0000 /* 902872 */
	.byte 0x00                                                            /* 902876 . */
	.4byte ba_sm__action_8ebfe8 - 0x008c0000 /* 902877 */
	.byte 0x01                                                            /* 90287b . */
	.4byte basic_sm__error_handler - 0x008c0000 /* 90287c */
	.byte 0x02                                                            /* 902880 . */
	.4byte ba_sm__action_8e7938 - 0x008c0000 /* 902881 */
	.byte 0x03                                                            /* 902885 . */
	.4byte ba_sm__action_8c4394 - 0x008c0000 /* 902886 */
	.byte 0x00,0x14,0xf5,0x01,0x00,0x00                                   /* 90288a ...... */
	.4byte ba_sm__action_8c3110 - 0x008c0000 /* 902890 */
	.byte 0x01,0x14,0xf5,0x01,0x00,0x02,0x14,0xf5,0x01,0x00,0x03          /* 902894 ........... */
	.4byte ba_sm__action_8c3110 - 0x008c0000 /* 90289f */
	.byte 0x04,0x14,0xf5,0x01,0x00,0x00                                   /* 9028a3 ...... */
	.4byte ba_sm__action_8c3154 - 0x008c0000 /* 9028a9 */
	.byte 0x01,0x14,0xf5,0x01,0x00,0x02,0x14,0xf5,0x01,0x00,0x03,0x14,0xf5,0x01,0x00,0x04 /* 9028ad ................ */
	.byte 0x14,0xf5,0x01,0x00,0x00,0x14,0xf5,0x01,0x00,0x01               /* 9028bd .......... */
	.4byte basic_sm__error_handler - 0x008c0000 /* 9028c7 */
	.byte 0x02                                                            /* 9028cb . */
	.4byte ba_sm__action_8c8d5c - 0x008c0000 /* 9028cc */
	.byte 0x03,0x14,0xf5,0x01,0x00,0x04,0x14,0xf5,0x01,0x00,0x00,0x14,0xf5,0x01,0x00,0x01 /* 9028d0 ................ */
	.4byte ba_sm__action_8e2a30 - 0x008c0000 /* 9028e0 */
	.byte 0x03                                                            /* 9028e4 . */
	.4byte ba_sm__action_8e21c4 - 0x008c0000 /* 9028e5 */
	.byte 0x03,0x14,0xf5,0x01,0x00,0x04                                   /* 9028e9 ...... */
	.4byte basic_sm__error_handler - 0x008c0000 /* 9028ef */
	.byte 0x00                                                            /* 9028f3 . */
	.4byte ba_sm__action_8c4314 - 0x008c0000 /* 9028f4 */
	.byte 0x02                                                            /* 9028f8 . */
	.4byte basic_sm__error_handler - 0x008c0000 /* 9028f9 */
	.byte 0x02                                                            /* 9028fd . */
	.4byte basic_sm__error_handler - 0x008c0000 /* 9028fe */
	.byte 0x03                                                            /* 902902 . */
	.4byte basic_sm__error_handler - 0x008c0000 /* 902903 */
	.byte 0x04                                                            /* 902907 . */
	.4byte basic_sm__error_handler - 0x008c0000 /* 902908 */
	.byte 0x00                                                            /* 90290c . */
	.4byte ba_sm__action_8c4314 - 0x008c0000 /* 90290d */
	.byte 0x00                                                            /* 902911 . */
	.4byte basic_sm__error_handler - 0x008c0000 /* 902912 */
	.byte 0x02                                                            /* 902916 . */
	.4byte basic_sm__error_handler - 0x008c0000 /* 902917 */
	.byte 0x03                                                            /* 90291b . */
	.4byte basic_sm__error_handler - 0x008c0000 /* 90291c */
	.byte 0x04                                                            /* 902920 . */
	.4byte basic_sm__error_handler - 0x008c0000 /* 902921 */
	.byte 0x00                                                            /* 902925 . */
	.4byte basic_sm__error_handler - 0x008c0000 /* 902926 */
	.byte 0x01                                                            /* 90292a . */
	.4byte basic_sm__error_handler - 0x008c0000 /* 90292b */
	.byte 0x02                                                            /* 90292f . */
	.4byte ba_sm__action_8c4394 - 0x008c0000 /* 902930 */
	.byte 0x00                                                            /* 902934 . */
	.4byte basic_sm__error_handler - 0x008c0000 /* 902935 */
	.byte 0x04                                                            /* 902939 . */
	.4byte ba_sm__prepare_ba_td_8e0ddc - 0x008c0000 /* 90293a */
	.byte 0x04                                                            /* 90293e . */
	.4byte ba_sm__action_8c437c - 0x008c0000 /* 90293f */
	.byte 0x04                                                            /* 902943 . */
	.4byte ba_sm__prepare_ba_td_8e0ddc - 0x008c0000 /* 902944 */
	.byte 0x04,0x14,0xf5,0x01,0x00,0x03,0x14,0xf5,0x01,0x00,0x04          /* 902948 ........... */
	.4byte basic_sm__error_handler - 0x008c0000 /* 902953 */
	.byte 0x04                                                            /* 902957 . */
	.4byte basic_sm__error_handler - 0x008c0000 /* 902958 */
	.byte 0x04                                                            /* 90295c . */
	.4byte basic_sm__error_handler - 0x008c0000 /* 90295d */
	.byte 0x04                                                            /* 902961 . */
	.4byte basic_sm__error_handler - 0x008c0000 /* 902962 */
	.byte 0x04                                                            /* 902966 . */
	.4byte ba_sm__action_8c438c - 0x008c0000 /* 902967 */
	.byte 0x04,0x0c,0x05,0x00,0x00,0x40,0x28,0x80,0x00,0x18,0x13,0x80,0x00,0x2c,0x13,0x80 /* 90296b .....@(......,.. */
	.byte 0x00,0x00,0x00,0x00,0x00,0x00,0x02,0x05,0x04,0x04,0x00,0x00,0x00 /* 90297b ............. */
	.4byte ba_setup_sm__action_8f58f8 - 0x008c0000 /* 902988 */
	.byte 0x01                                                            /* 90298c . */
	.4byte basic_sm__error_handler - 0x008c0000 /* 90298d */
	.byte 0x01                                                            /* 902991 . */
	.4byte basic_sm__error_handler - 0x008c0000 /* 902992 */
	.byte 0x02                                                            /* 902996 . */
	.4byte basic_sm__error_handler - 0x008c0000 /* 902997 */
	.byte 0x03                                                            /* 90299b . */
	.4byte basic_sm__error_handler - 0x008c0000 /* 90299c */
	.byte 0x04                                                            /* 9029a0 . */
	.4byte basic_sm__error_handler - 0x008c0000 /* 9029a1 */
	.byte 0x05                                                            /* 9029a5 . */
	.4byte basic_sm__error_handler - 0x008c0000 /* 9029a6 */
	.byte 0x06                                                            /* 9029aa . */
	.4byte basic_sm__error_handler - 0x008c0000 /* 9029ab */
	.byte 0x00                                                            /* 9029af . */
	.4byte ba_setup_sm__action_8f99e4 - 0x008c0000 /* 9029b0 */
	.byte 0x02                                                            /* 9029b4 . */
	.4byte basic_sm__error_handler - 0x008c0000 /* 9029b5 */
	.byte 0x02                                                            /* 9029b9 . */
	.4byte basic_sm__error_handler - 0x008c0000 /* 9029ba */
	.byte 0x03                                                            /* 9029be . */
	.4byte basic_sm__error_handler - 0x008c0000 /* 9029bf */
	.byte 0x04                                                            /* 9029c3 . */
	.4byte basic_sm__error_handler - 0x008c0000 /* 9029c4 */
	.byte 0x05                                                            /* 9029c8 . */
	.4byte basic_sm__error_handler - 0x008c0000 /* 9029c9 */
	.byte 0x06                                                            /* 9029cd . */
	.4byte basic_sm__error_handler - 0x008c0000 /* 9029ce */
	.byte 0x00                                                            /* 9029d2 . */
	.4byte basic_sm__error_handler - 0x008c0000 /* 9029d3 */
	.byte 0x01                                                            /* 9029d7 . */
	.4byte basic_sm__error_handler - 0x008c0000 /* 9029d8 */
	.byte 0x02                                                            /* 9029dc . */
	.4byte basic_sm__error_handler - 0x008c0000 /* 9029dd */
	.byte 0x03                                                            /* 9029e1 . */
	.4byte basic_sm__error_handler - 0x008c0000 /* 9029e2 */
	.byte 0x04                                                            /* 9029e6 . */
	.4byte basic_sm__error_handler - 0x008c0000 /* 9029e7 */
	.byte 0x05                                                            /* 9029eb . */
	.4byte ba_setup_sm__addba_session_success_ntf - 0x008c0000 /* 9029ec */
	.byte 0x00                                                            /* 9029f0 . */
	.4byte basic_sm__error_handler - 0x008c0000 /* 9029f1 */
	.byte 0x00                                                            /* 9029f5 . */
	.4byte basic_sm__error_handler - 0x008c0000 /* 9029f6 */
	.byte 0x02                                                            /* 9029fa . */
	.4byte ba_setup_sm__action_8f866c - 0x008c0000 /* 9029fb */
	.byte 0x03                                                            /* 9029ff . */
	.4byte basic_sm__error_handler - 0x008c0000 /* 902a00 */
	.byte 0x03                                                            /* 902a04 . */
	.4byte basic_sm__error_handler - 0x008c0000 /* 902a05 */
	.byte 0x04                                                            /* 902a09 . */
	.4byte basic_sm__error_handler - 0x008c0000 /* 902a0a */
	.byte 0x05                                                            /* 902a0e . */
	.4byte basic_sm__error_handler - 0x008c0000 /* 902a0f */
	.byte 0x06,0x14,0xf5,0x01,0x00,0x00,0x14,0xf5,0x01,0x00,0x01,0x14,0xf5,0x01,0x00,0x02 /* 902a13 ................ */
	.4byte ba_setup_sm__addba_req_sent - 0x008c0000 /* 902a23 */
	.byte 0x04,0x14,0xf5,0x01,0x00,0x04                                   /* 902a27 ...... */
	.4byte ba_setup_sm__action_8f7fdc - 0x008c0000 /* 902a2d */
	.byte 0x00,0x14,0xf5,0x01,0x00,0x06,0x14,0xf5,0x01,0x00,0x00,0x14,0xf5,0x01,0x00,0x01 /* 902a31 ................ */
	.byte 0x14,0xf5,0x01,0x00,0x02                                        /* 902a41 ..... */
	.4byte ba_setup_sm__addba_req_retry_timeout_cb - 0x008c0000 /* 902a46 */
	.byte 0x04,0x14,0xf5,0x01,0x00,0x04                                   /* 902a4a ...... */
	.4byte ba_setup_sm__action_8f7fdc - 0x008c0000 /* 902a50 */
	.byte 0x00                                                            /* 902a54 . */
	.4byte ba_setup_sm__addba_req_tx_failed - 0x008c0000 /* 902a55 */
	.byte 0x06,0x14,0xf5,0x01,0x00,0x00                                   /* 902a59 ...... */
	.4byte basic_sm__error_handler - 0x008c0000 /* 902a5f */
	.byte 0x01                                                            /* 902a63 . */
	.4byte basic_sm__error_handler - 0x008c0000 /* 902a64 */
	.byte 0x02,0x14,0xf5,0x01,0x00,0x00                                   /* 902a68 ...... */
	.4byte ba__retry_flow - 0x008c0000 /* 902a6e */
	.byte 0x02                                                            /* 902a72 . */
	.4byte basic_sm__error_handler - 0x008c0000 /* 902a73 */
	.byte 0x05,0x14,0xf5,0x01,0x00,0x06,0x14,0xf5,0x01,0x00,0x00,0x14,0xf5,0x01,0x00,0x01 /* 902a77 ................ */
	.byte 0x14,0xf5,0x01,0x00,0x02                                        /* 902a87 ..... */
	.4byte ba_setup_sm__addba_resp_timeout_cb - 0x008c0000 /* 902a8c */
	.byte 0x04                                                            /* 902a90 . */
	.4byte ba_setup_sm__addba_resp_timeout_cb - 0x008c0000 /* 902a91 */
	.byte 0x04                                                            /* 902a95 . */
	.4byte basic_sm__error_handler - 0x008c0000 /* 902a96 */
	.byte 0x05,0x14,0xf5,0x01,0x00,0x06                                   /* 902a9a ...... */
	.4byte basic_sm__error_handler - 0x008c0000 /* 902aa0 */
	.byte 0x00                                                            /* 902aa4 . */
	.4byte basic_sm__error_handler - 0x008c0000 /* 902aa5 */
	.byte 0x01                                                            /* 902aa9 . */
	.4byte basic_sm__error_handler - 0x008c0000 /* 902aaa */
	.byte 0x02                                                            /* 902aae . */
	.4byte basic_sm__error_handler - 0x008c0000 /* 902aaf */
	.byte 0x03                                                            /* 902ab3 . */
	.4byte scan_mngr__start_connection_cb - 0x008c0000 /* 902ab4 */
	.byte 0x06                                                            /* 902ab8 . */
	.4byte basic_sm__error_handler - 0x008c0000 /* 902ab9 */
	.byte 0x05,0x14,0xf5,0x01,0x00,0x06                                   /* 902abd ...... */
	.4byte basic_sm__error_handler - 0x008c0000 /* 902ac3 */
	.byte 0x00                                                            /* 902ac7 . */
	.4byte basic_sm__error_handler - 0x008c0000 /* 902ac8 */
	.byte 0x01                                                            /* 902acc . */
	.4byte basic_sm__error_handler - 0x008c0000 /* 902acd */
	.byte 0x02                                                            /* 902ad1 . */
	.4byte basic_sm__error_handler - 0x008c0000 /* 902ad2 */
	.byte 0x03                                                            /* 902ad6 . */
	.4byte ba_setup_sm__addba_req_retry_timeout_cb - 0x008c0000 /* 902ad7 */
	.byte 0x04                                                            /* 902adb . */
	.4byte basic_sm__error_handler - 0x008c0000 /* 902adc */
	.byte 0x05                                                            /* 902ae0 . */
	.4byte basic_sm__error_handler - 0x008c0000 /* 902ae1 */
	.byte 0x06                                                            /* 902ae5 . */
	.4byte basic_sm__error_handler - 0x008c0000 /* 902ae6 */
	.byte 0x00                                                            /* 902aea . */
	.4byte basic_sm__error_handler - 0x008c0000 /* 902aeb */
	.byte 0x01,0x14,0xf5,0x01,0x00,0x00                                   /* 902aef ...... */
	.4byte basic_sm__error_handler - 0x008c0000 /* 902af5 */
	.byte 0x03                                                            /* 902af9 . */
	.4byte basic_sm__error_handler - 0x008c0000 /* 902afa */
	.byte 0x02                                                            /* 902afe . */
	.4byte basic_sm__error_handler - 0x008c0000 /* 902aff */
	.byte 0x05                                                            /* 902b03 . */
	.4byte basic_sm__error_handler - 0x008c0000 /* 902b04 */
	.byte 0x06,0x14,0xf5,0x01,0x00,0x00                                   /* 902b08 ...... */
	.4byte basic_sm__error_handler - 0x008c0000 /* 902b0e */
	.byte 0x01                                                            /* 902b12 . */
	.4byte ba_setup_sm__action_8f0c54 - 0x008c0000 /* 902b13 */
	.byte 0x00                                                            /* 902b17 . */
	.4byte ba_setup_sm__action_8f0c54 - 0x008c0000 /* 902b18 */
	.byte 0x00                                                            /* 902b1c . */
	.4byte ba_setup_sm__action_8f0c54 - 0x008c0000 /* 902b1d */
	.byte 0x00                                                            /* 902b21 . */
	.4byte basic_sm__error_handler - 0x008c0000 /* 902b22 */
	.byte 0x05                                                            /* 902b26 . */
	.4byte basic_sm__error_handler - 0x008c0000 /* 902b27 */
	.byte 0x06                                                            /* 902b2b . */
	.4byte basic_sm__error_handler - 0x008c0000 /* 902b2c */
	.byte 0x00,0x14,0xf5,0x01,0x00,0x00                                   /* 902b30 ...... */
	.4byte ba_setup_sm__action_8f7fdc - 0x008c0000 /* 902b36 */
	.byte 0x00                                                            /* 902b3a . */
	.4byte ba_setup_sm__action_8f7fdc - 0x008c0000 /* 902b3b */
	.byte 0x00                                                            /* 902b3f . */
	.4byte ba_setup_sm__action_8f7fdc - 0x008c0000 /* 902b40 */
	.byte 0x00                                                            /* 902b44 . */
	.4byte basic_sm__error_handler - 0x008c0000 /* 902b45 */
	.byte 0x05,0x14,0xf5,0x01,0x00,0x00,0x00,0x0d,0x07,0x00,0x00,0x88,0x29,0x80,0x00,0x68 /* 902b49 ............)..h */
	.byte 0x13,0x80,0x00,0x84,0x13,0x80,0x00,0x00,0x00,0x00,0x00          /* 902b59 ........... */
	.4byte wait_sm__action_8e6a4c - 0x008c0000 /* 902b64 */
	.byte 0x01                                                            /* 902b68 . */
	.4byte basic_sm__error_handler - 0x008c0000 /* 902b69 */
	.byte 0x01                                                            /* 902b6d . */
	.4byte basic_sm__error_handler - 0x008c0000 /* 902b6e */
	.byte 0x02                                                            /* 902b72 . */
	.4byte basic_sm__error_handler - 0x008c0000 /* 902b73 */
	.byte 0x00                                                            /* 902b77 . */
	.4byte wait_sm__action_8e7cd4 - 0x008c0000 /* 902b78 */
	.byte 0x02                                                            /* 902b7c . */
	.4byte basic_sm__error_handler - 0x008c0000 /* 902b7d */
	.byte 0x02                                                            /* 902b81 . */
	.4byte basic_sm__error_handler - 0x008c0000 /* 902b82 */
	.byte 0x00,0x14,0xf5,0x01,0x00,0x01                                   /* 902b86 ...... */
	.4byte wait_sm__action_8e2b8c - 0x008c0000 /* 902b8c */
	.byte 0x00                                                            /* 902b90 . */
	.4byte wait_sm__action_8e6a4c - 0x008c0000 /* 902b91 */
	.byte 0x01,0x14,0xf5,0x01,0x00,0x01,0x14,0xf5,0x01,0x00,0x00,0x04,0x03,0x00,0x00,0x64 /* 902b95 ...............d */
	.byte 0x2b,0x80,0x00,0xc4,0x13,0x80,0x00,0xd0,0x13,0x80,0x00,0x00,0x00,0x00,0x00,0x57 /* 902ba5 +..............W */
	.byte 0x41,0x49,0x54,0x5f,0x46,0x4f,0x52,0x5f,0x53,0x54,0x41,0x52,0x54,0x00,0x57,0x41 /* 902bb5 AIT_FOR_START.WA */
	.byte 0x49,0x54,0x5f,0x46,0x4f,0x52,0x5f,0x50,0x45,0x52,0x4d,0x49,0x54,0x00,0x57,0x41 /* 902bc5 IT_FOR_PERMIT.WA */
	.byte 0x49,0x54,0x5f,0x46,0x4f,0x52,0x5f,0x44,0x45,0x4c,0x42,0x41,0x5f,0x54,0x58,0x5f /* 902bd5 IT_FOR_DELBA_TX_ */
	.byte 0x43,0x4f,0x4d,0x50,0x4c,0x45,0x54,0x45,0x00,0x53,0x54,0x41,0x52,0x54,0x00,0x52 /* 902be5 COMPLETE.START.R */
	.byte 0x45,0x41,0x44,0x59,0x5f,0x54,0x4f,0x5f,0x52,0x55,0x4e,0x00,0x44,0x45,0x4c,0x42 /* 902bf5 EADY_TO_RUN.DELB */
	.byte 0x41,0x5f,0x54,0x58,0x5f,0x43,0x4f,0x4d,0x50,0x4c,0x45,0x54,0x45,0x00,0x52,0x43 /* 902c05 A_TX_COMPLETE.RC */
	.byte 0x50,0x5f,0x44,0x45,0x4c,0x42,0x41,0x5f,0x41,0x52,0x52,0x49,0x56,0x45,0x44,0x00 /* 902c15 P_DELBA_ARRIVED. */
	.byte 0x42,0x41,0x5f,0x54,0x44,0x5f,0x73,0x75,0x62,0x53,0x4d,0x00,0x00,0x00,0x00,0x01 /* 902c25 BA_TD_subSM..... */
	.byte 0x00,0x01,0x01,0x01,0x00,0x01,0x01,0x01,0x01,0x00,0x00,0x00,0x00,0x00,0x00,0x00 /* 902c35 ................ */
	.byte 0x01,0x00,0x00,0x00,0x00,0x00,0x01,0x00,0x00,0x00,0x01,0x03,0x01,0x00,0x00,0x02 /* 902c45 ................ */
	.byte 0x00,0x00,0x00,0x00,0x00,0x00,0x00,0x0c,0x0c,0x31,0x31,0x31,0x31,0x00,0x31,0x31 /* 902c55 .........1111.11 */
	.byte 0x21,0x25,0x00,0x1c,0x2c,0x1c,0x2c,0x6a,0x00,0x57,0x57,0x57,0x57,0x52,0x00,0x2e /* 902c65 !%..,.,j.WWWWR.. */
	.byte 0x3d,0xe6,0xe6,0xe6,0xe6,0xe6,0x42,0xe6,0xe6,0xe6,0xe6,0x4a,0xe6,0xe6,0xe6,0xe6 /* 902c75 =.....B....J.... */
	.byte 0xe6,0xe6,0xe6,0xe6,0xe6,0xe6,0xe6,0xe6,0xe6,0xe6,0xe6,0xe6,0xe6,0xe6,0xe6,0xe6 /* 902c85 ................ */
	.byte 0xe6,0xe6,0xe6,0xe6,0xe6,0xe6,0xe6,0xe6,0xe6,0xe6,0xe6,0xe6,0xe6,0xe6,0xe6,0x56 /* 902c95 ...............V */
	.byte 0xe6,0xe6,0xe6,0xe6,0xe6,0xe6,0xe6,0xcc,0xb9,0xcc,0xcc,0xcc,0x45,0xcc,0xcc,0x4f /* 902ca5 ............E..O */
	.byte 0x00,0x00,0x00,0xb8,0xb8,0xb8,0xb8,0x99,0x4d,0xb8,0xb8,0xb8,0x00,0x00,0x00,0x0a /* 902cb5 ........M....... */
	.byte 0x04,0x00,0x00,0xd8,0x2c,0x80,0x00,0x10,0x14,0x80,0x00,0x20,0x14,0x80,0x00,0x00 /* 902cc5 ....,...... .... */
	.byte 0x00,0x00,0x00                                                  /* 902cd5 ... */
	.4byte maintain_sm__action_8f96c4 - 0x008c0000 /* 902cd8 */
	.byte 0x01                                                            /* 902cdc . */
	.4byte basic_sm__error_handler - 0x008c0000 /* 902cdd */
	.byte 0x01                                                            /* 902ce1 . */
	.4byte basic_sm__error_handler - 0x008c0000 /* 902ce2 */
	.byte 0x02                                                            /* 902ce6 . */
	.4byte basic_sm__error_handler - 0x008c0000 /* 902ce7 */
	.byte 0x03                                                            /* 902ceb . */
	.4byte maintain_sm__release_radio_after_bf_evt - 0x008c0000 /* 902cec */
	.byte 0x00                                                            /* 902cf0 . */
	.4byte maintain_sm__action_8c48f8 - 0x008c0000 /* 902cf1 */
	.byte 0x01                                                            /* 902cf5 . */
	.4byte maintain_sm__action_8c494c - 0x008c0000 /* 902cf6 */
	.byte 0x02                                                            /* 902cfa . */
	.4byte maintain_sm__action_8c494c - 0x008c0000 /* 902cfb */
	.byte 0x03,0x14,0xf5,0x01,0x00,0x00,0x14,0xf5,0x01,0x00,0x01,0x14,0xf5,0x01,0x00,0x02 /* 902cff ................ */
	.4byte maintain_sm__action_8cdbd8 - 0x008c0000 /* 902d0f */
	.byte 0x03                                                            /* 902d13 . */
	.4byte basic_sm__error_handler - 0x008c0000 /* 902d14 */
	.byte 0x00                                                            /* 902d18 . */
	.4byte maintain_sm__action_8f9a78 - 0x008c0000 /* 902d19 */
	.byte 0x00                                                            /* 902d1d . */
	.4byte maintain_sm__action_8f9a78 - 0x008c0000 /* 902d1e */
	.byte 0x00                                                            /* 902d22 . */
	.4byte maintain_sm__action_8f9a78 - 0x008c0000 /* 902d23 */
	.byte 0x00                                                            /* 902d27 . */
	.4byte basic_sm__error_handler - 0x008c0000 /* 902d28 */
	.byte 0x00                                                            /* 902d2c . */
	.4byte basic_sm__error_handler - 0x008c0000 /* 902d2d */
	.byte 0x01                                                            /* 902d31 . */
	.4byte maintain_sm__action_8cab64 - 0x008c0000 /* 902d32 */
	.byte 0x03                                                            /* 902d36 . */
	.4byte maintain_sm__action_8dcf84 - 0x008c0000 /* 902d37 */
	.byte 0x03                                                            /* 902d3b . */
	.4byte basic_sm__error_handler - 0x008c0000 /* 902d3c */
	.byte 0x00                                                            /* 902d40 . */
	.4byte maintain_sm__fbf_failed - 0x008c0000 /* 902d41 */
	.byte 0x00                                                            /* 902d45 . */
	.4byte basic_sm__error_handler - 0x008c0000 /* 902d46 */
	.byte 0x02                                                            /* 902d4a . */
	.4byte basic_sm__error_handler - 0x008c0000 /* 902d4b */
	.byte 0x03                                                            /* 902d4f . */
	.4byte basic_sm__error_handler - 0x008c0000 /* 902d50 */
	.byte 0x00                                                            /* 902d54 . */
	.4byte maintain_sm__action_8f2f0c - 0x008c0000 /* 902d55 */
	.byte 0x02                                                            /* 902d59 . */
	.4byte basic_sm__error_handler - 0x008c0000 /* 902d5a */
	.byte 0x02                                                            /* 902d5e . */
	.4byte basic_sm__error_handler - 0x008c0000 /* 902d5f */
	.byte 0x03,0x14,0xf5,0x01,0x00,0x00,0x14,0xf5,0x01,0x00,0x01,0x14,0xf5,0x01,0x00,0x02 /* 902d63 ................ */
	.4byte maintain_sm__action_8c7348 - 0x008c0000 /* 902d73 */
	.byte 0x03                                                            /* 902d77 . */
	.4byte basic_sm__error_handler - 0x008c0000 /* 902d78 */
	.byte 0x00                                                            /* 902d7c . */
	.4byte basic_sm__error_handler - 0x008c0000 /* 902d7d */
	.byte 0x01                                                            /* 902d81 . */
	.4byte basic_sm__error_handler - 0x008c0000 /* 902d82 */
	.byte 0x02                                                            /* 902d86 . */
	.4byte maintain_sm__action_8e0004 - 0x008c0000 /* 902d87 */
	.byte 0x03,0x14,0xf5,0x01,0x00,0x00,0x14,0xf5,0x01,0x00,0x01,0x14,0xf5,0x01,0x00,0x02 /* 902d8b ................ */
	.4byte maintain_sm__action_8e2b9c - 0x008c0000 /* 902d9b */
	.byte 0x03,0x0c,0x07,0x00,0x00,0xb4,0x2d,0x80,0x00,0xc0,0x14,0x80,0x00,0xdc,0x14,0x80 /* 902d9f ......-......... */
	.byte 0x00,0x00,0x00,0x00,0x00                                        /* 902daf ..... */
	.4byte lm_sm__action_8daed8 - 0x008c0000 /* 902db4 */
	.byte 0x01                                                            /* 902db8 . */
	.4byte basic_sm__error_handler - 0x008c0000 /* 902db9 */
	.byte 0x01                                                            /* 902dbd . */
	.4byte lm_sm__action_8daf2c - 0x008c0000 /* 902dbe */
	.byte 0x01                                                            /* 902dc2 . */
	.4byte basic_sm__error_handler - 0x008c0000 /* 902dc3 */
	.byte 0x03                                                            /* 902dc7 . */
	.4byte basic_sm__error_handler - 0x008c0000 /* 902dc8 */
	.byte 0x04                                                            /* 902dcc . */
	.4byte basic_sm__error_handler - 0x008c0000 /* 902dcd */
	.byte 0x05                                                            /* 902dd1 . */
	.4byte basic_sm__error_handler - 0x008c0000 /* 902dd2 */
	.byte 0x06                                                            /* 902dd6 . */
	.4byte basic_sm__error_handler - 0x008c0000 /* 902dd7 */
	.byte 0x00                                                            /* 902ddb . */
	.4byte lm_main_sm__linkup_failed - 0x008c0000 /* 902ddc */
	.byte 0x01                                                            /* 902de0 . */
	.4byte basic_sm__error_handler - 0x008c0000 /* 902de1 */
	.byte 0x02                                                            /* 902de5 . */
	.4byte basic_sm__error_handler - 0x008c0000 /* 902de6 */
	.byte 0x03                                                            /* 902dea . */
	.4byte basic_sm__error_handler - 0x008c0000 /* 902deb */
	.byte 0x04                                                            /* 902def . */
	.4byte basic_sm__error_handler - 0x008c0000 /* 902df0 */
	.byte 0x05                                                            /* 902df4 . */
	.4byte basic_sm__error_handler - 0x008c0000 /* 902df5 */
	.byte 0x06                                                            /* 902df9 . */
	.4byte basic_sm__error_handler - 0x008c0000 /* 902dfa */
	.byte 0x00                                                            /* 902dfe . */
	.4byte lm_sm__action_8dad54 - 0x008c0000 /* 902dff */
	.byte 0x02                                                            /* 902e03 . */
	.4byte basic_sm__error_handler - 0x008c0000 /* 902e04 */
	.byte 0x02                                                            /* 902e08 . */
	.4byte basic_sm__error_handler - 0x008c0000 /* 902e09 */
	.byte 0x03                                                            /* 902e0d . */
	.4byte basic_sm__error_handler - 0x008c0000 /* 902e0e */
	.byte 0x04                                                            /* 902e12 . */
	.4byte basic_sm__error_handler - 0x008c0000 /* 902e13 */
	.byte 0x05                                                            /* 902e17 . */
	.4byte basic_sm__error_handler - 0x008c0000 /* 902e18 */
	.byte 0x06                                                            /* 902e1c . */
	.4byte lm_sm__action_8e7f9c - 0x008c0000 /* 902e1d */
	.byte 0x00                                                            /* 902e21 . */
	.4byte lm_sm__action_8e7f94 - 0x008c0000 /* 902e22 */
	.byte 0x01                                                            /* 902e26 . */
	.4byte lm_sm__action_8e7f9c - 0x008c0000 /* 902e27 */
	.byte 0x02                                                            /* 902e2b . */
	.4byte lm_sm__action_8e8004 - 0x008c0000 /* 902e2c */
	.byte 0x05                                                            /* 902e30 . */
	.4byte lm_sm__action_8e8004 - 0x008c0000 /* 902e31 */
	.byte 0x05                                                            /* 902e35 . */
	.4byte basic_sm__error_handler - 0x008c0000 /* 902e36 */
	.byte 0x05                                                            /* 902e3a . */
	.4byte lm_sm__action_8e8004 - 0x008c0000 /* 902e3b */
	.byte 0x05,0x14,0xf5,0x01,0x00,0x00                                   /* 902e3f ...... */
	.4byte lm_sm__action_8e11c8 - 0x008c0000 /* 902e45 */
	.byte 0x01                                                            /* 902e49 . */
	.4byte lm_sm__action_8df614 - 0x008c0000 /* 902e4a */
	.byte 0x02,0x14,0xf5,0x01,0x00,0x03,0x14,0xf5,0x01,0x00,0x04,0x14,0xf5,0x01,0x00,0x05 /* 902e4e ................ */
	.byte 0x14,0xf5,0x01,0x00,0x06                                        /* 902e5e ..... */
	.4byte basic_sm__error_handler - 0x008c0000 /* 902e63 */
	.byte 0x00                                                            /* 902e67 . */
	.4byte basic_sm__error_handler - 0x008c0000 /* 902e68 */
	.byte 0x01                                                            /* 902e6c . */
	.4byte lm_sm__action_8e7acc - 0x008c0000 /* 902e6d */
	.byte 0x03                                                            /* 902e71 . */
	.4byte basic_sm__error_handler - 0x008c0000 /* 902e72 */
	.byte 0x03                                                            /* 902e76 . */
	.4byte basic_sm__error_handler - 0x008c0000 /* 902e77 */
	.byte 0x04                                                            /* 902e7b . */
	.4byte basic_sm__error_handler - 0x008c0000 /* 902e7c */
	.byte 0x05                                                            /* 902e80 . */
	.4byte basic_sm__error_handler - 0x008c0000 /* 902e81 */
	.byte 0x04                                                            /* 902e85 . */
	.4byte basic_sm__error_handler - 0x008c0000 /* 902e86 */
	.byte 0x00                                                            /* 902e8a . */
	.4byte basic_sm__error_handler - 0x008c0000 /* 902e8b */
	.byte 0x01                                                            /* 902e8f . */
	.4byte basic_sm__error_handler - 0x008c0000 /* 902e90 */
	.byte 0x02                                                            /* 902e94 . */
	.4byte lm_sm__action_8dab0c - 0x008c0000 /* 902e95 */
	.byte 0x02                                                            /* 902e99 . */
	.4byte lm_sm__action_8dab0c - 0x008c0000 /* 902e9a */
	.byte 0x02                                                            /* 902e9e . */
	.4byte basic_sm__error_handler - 0x008c0000 /* 902e9f */
	.byte 0x05                                                            /* 902ea3 . */
	.4byte lm_sm__action_8dab0c - 0x008c0000 /* 902ea4 */
	.byte 0x02                                                            /* 902ea8 . */
	.4byte basic_sm__error_handler - 0x008c0000 /* 902ea9 */
	.byte 0x00                                                            /* 902ead . */
	.4byte basic_sm__error_handler - 0x008c0000 /* 902eae */
	.byte 0x01                                                            /* 902eb2 . */
	.4byte basic_sm__error_handler - 0x008c0000 /* 902eb3 */
	.byte 0x02                                                            /* 902eb7 . */
	.4byte lm_sm__action_8ddb58 - 0x008c0000 /* 902eb8 */
	.byte 0x04                                                            /* 902ebc . */
	.4byte basic_sm__error_handler - 0x008c0000 /* 902ebd */
	.byte 0x04                                                            /* 902ec1 . */
	.4byte basic_sm__error_handler - 0x008c0000 /* 902ec2 */
	.byte 0x05                                                            /* 902ec6 . */
	.4byte basic_sm__error_handler - 0x008c0000 /* 902ec7 */
	.byte 0x06                                                            /* 902ecb . */
	.4byte basic_sm__error_handler - 0x008c0000 /* 902ecc */
	.byte 0x00                                                            /* 902ed0 . */
	.4byte basic_sm__error_handler - 0x008c0000 /* 902ed1 */
	.byte 0x01                                                            /* 902ed5 . */
	.4byte basic_sm__error_handler - 0x008c0000 /* 902ed6 */
	.byte 0x02                                                            /* 902eda . */
	.4byte basic_sm__error_handler - 0x008c0000 /* 902edb */
	.byte 0x03                                                            /* 902edf . */
	.4byte basic_sm__error_handler - 0x008c0000 /* 902ee0 */
	.byte 0x04                                                            /* 902ee4 . */
	.4byte lm_sm__action_8e7f9c - 0x008c0000 /* 902ee5 */
	.byte 0x02                                                            /* 902ee9 . */
	.4byte basic_sm__error_handler - 0x008c0000 /* 902eea */
	.byte 0x06,0x14,0xf5,0x01,0x00,0x00,0x14,0xf5,0x01,0x00,0x01,0x14,0xf5,0x01,0x00,0x02 /* 902eee ................ */
	.byte 0x14,0xf5,0x01,0x00,0x03                                        /* 902efe ..... */
	.4byte lm_sm__action_8dfff4 - 0x008c0000 /* 902f03 */
	.byte 0x06,0x14,0xf5,0x01,0x00,0x05,0x14,0xf5,0x01,0x00,0x06          /* 902f07 ........... */
	.4byte basic_sm__error_handler - 0x008c0000 /* 902f12 */
	.byte 0x00                                                            /* 902f16 . */
	.4byte basic_sm__error_handler - 0x008c0000 /* 902f17 */
	.byte 0x01                                                            /* 902f1b . */
	.4byte basic_sm__error_handler - 0x008c0000 /* 902f1c */
	.byte 0x02                                                            /* 902f20 . */
	.4byte basic_sm__error_handler - 0x008c0000 /* 902f21 */
	.byte 0x03                                                            /* 902f25 . */
	.4byte lm_sm__action_8dabdc - 0x008c0000 /* 902f26 */
	.byte 0x04                                                            /* 902f2a . */
	.4byte basic_sm__error_handler - 0x008c0000 /* 902f2b */
	.byte 0x05                                                            /* 902f2f . */
	.4byte lm_sm__action_8dabdc - 0x008c0000 /* 902f30 */
	.byte 0x06                                                            /* 902f34 . */
	.4byte basic_sm__error_handler - 0x008c0000 /* 902f35 */
	.byte 0x00,0x14,0xf5,0x01,0x00,0x01,0x14,0xf5,0x01,0x00,0x02,0x14,0xf5,0x01,0x00,0x03 /* 902f39 ................ */
	.byte 0x14,0xf5,0x01,0x00,0x04,0x14,0xf5,0x01,0x00,0x05               /* 902f49 .......... */
	.4byte lm_sm__action_8e2c64 - 0x008c0000 /* 902f53 */
	.byte 0x04,0x06,0x02,0x00,0x00,0x6c,0x2f,0x80,0x00,0xdc,0x04,0x80,0x00,0xcc,0x15,0x80 /* 902f57 .....l/......... */
	.byte 0x00,0x00,0x00,0x00,0x00                                        /* 902f67 ..... */
	.4byte sm_802f58__action_8e774c - 0x008c0000 /* 902f6c */
	.byte 0x01                                                            /* 902f70 . */
	.4byte basic_sm__error_handler - 0x008c0000 /* 902f71 */
	.byte 0x01,0x14,0xf5,0x01,0x00,0x00                                   /* 902f75 ...... */
	.4byte sm_802f58__on_evt_latency_timer_in_active - 0x008c0000 /* 902f7b */
	.byte 0x01,0x14,0xf5,0x01,0x00,0x00                                   /* 902f7f ...... */
	.4byte link_stats__report - 0x008c0000 /* 902f85 */
	.byte 0x01,0x14,0xf5,0x01,0x00,0x00                                   /* 902f89 ...... */
	.4byte sm_802f58__action_8e7e60 - 0x008c0000 /* 902f8f */
	.byte 0x00,0x14,0xf5,0x01,0x00,0x00                                   /* 902f93 ...... */
	.4byte sm_802f58__action_8e0048 - 0x008c0000 /* 902f99 */
	.byte 0x00                                                            /* 902f9d . */
	.4byte sm_802f58__action_8e2be4 - 0x008c0000 /* 902f9e */
	.byte 0x01                                                            /* 902fa2 . */
	.4byte basic_sm__error_handler - 0x008c0000 /* 902fa3 */
	.byte 0x01,0x00,0x04,0x07,0x0a,0x23,0x0d,0x10,0x13,0x23,0x17,0x1b,0x1f,0x08,0x07,0x00 /* 902fa7 .....#...#...... */
	.byte 0x00,0xc8,0x2f,0x80,0x00,0x08,0x16,0x80,0x00,0x24,0x16,0x80,0x00,0x00,0x00,0x00 /* 902fb7 ../......$...... */
	.byte 0x00                                                            /* 902fc7 . */
	.4byte channels_switch_sm__action_allocate_radio - 0x008c0000 /* 902fc8 */
	.byte 0x01                                                            /* 902fcc . */
	.4byte basic_sm__error_handler - 0x008c0000 /* 902fcd */
	.byte 0x01                                                            /* 902fd1 . */
	.4byte basic_sm__error_handler - 0x008c0000 /* 902fd2 */
	.byte 0x02                                                            /* 902fd6 . */
	.4byte basic_sm__error_handler - 0x008c0000 /* 902fd7 */
	.byte 0x03                                                            /* 902fdb . */
	.4byte basic_sm__error_handler - 0x008c0000 /* 902fdc */
	.byte 0x04                                                            /* 902fe0 . */
	.4byte basic_sm__error_handler - 0x008c0000 /* 902fe1 */
	.byte 0x05                                                            /* 902fe5 . */
	.4byte basic_sm__error_handler - 0x008c0000 /* 902fe6 */
	.byte 0x06                                                            /* 902fea . */
	.4byte basic_sm__error_handler - 0x008c0000 /* 902feb */
	.byte 0x00                                                            /* 902fef . */
	.4byte channels_switch_sm__action_pop_ch_and_tune - 0x008c0000 /* 902ff0 */
	.byte 0x02                                                            /* 902ff4 . */
	.4byte basic_sm__error_handler - 0x008c0000 /* 902ff5 */
	.byte 0x02                                                            /* 902ff9 . */
	.4byte basic_sm__error_handler - 0x008c0000 /* 902ffa */
	.byte 0x03                                                            /* 902ffe . */
	.4byte basic_sm__error_handler - 0x008c0000 /* 902fff */
	.byte 0x04                                                            /* 903003 . */
	.4byte basic_sm__error_handler - 0x008c0000 /* 903004 */
	.byte 0x05                                                            /* 903008 . */
	.4byte basic_sm__error_handler - 0x008c0000 /* 903009 */
	.byte 0x06                                                            /* 90300d . */
	.4byte basic_sm__error_handler - 0x008c0000 /* 90300e */
	.byte 0x00                                                            /* 903012 . */
	.4byte basic_sm__error_handler - 0x008c0000 /* 903013 */
	.byte 0x01                                                            /* 903017 . */
	.4byte channels_switch_sm__action_radio_tunned - 0x008c0000 /* 903018 */
	.byte 0x03                                                            /* 90301c . */
	.4byte basic_sm__error_handler - 0x008c0000 /* 90301d */
	.byte 0x03                                                            /* 903021 . */
	.4byte basic_sm__error_handler - 0x008c0000 /* 903022 */
	.byte 0x04                                                            /* 903026 . */
	.4byte basic_sm__error_handler - 0x008c0000 /* 903027 */
	.byte 0x05                                                            /* 90302b . */
	.4byte basic_sm__error_handler - 0x008c0000 /* 90302c */
	.byte 0x06                                                            /* 903030 . */
	.4byte basic_sm__error_handler - 0x008c0000 /* 903031 */
	.byte 0x00                                                            /* 903035 . */
	.4byte basic_sm__error_handler - 0x008c0000 /* 903036 */
	.byte 0x01                                                            /* 90303a . */
	.4byte basic_sm__error_handler - 0x008c0000 /* 90303b */
	.byte 0x02                                                            /* 90303f . */
	.4byte channels_switch_sm__action_start_dwelling - 0x008c0000 /* 903040 */
	.byte 0x04                                                            /* 903044 . */
	.4byte basic_sm__error_handler - 0x008c0000 /* 903045 */
	.byte 0x04                                                            /* 903049 . */
	.4byte basic_sm__error_handler - 0x008c0000 /* 90304a */
	.byte 0x05                                                            /* 90304e . */
	.4byte basic_sm__error_handler - 0x008c0000 /* 90304f */
	.byte 0x06                                                            /* 903053 . */
	.4byte basic_sm__error_handler - 0x008c0000 /* 903054 */
	.byte 0x00                                                            /* 903058 . */
	.4byte basic_sm__error_handler - 0x008c0000 /* 903059 */
	.byte 0x01                                                            /* 90305d . */
	.4byte basic_sm__error_handler - 0x008c0000 /* 90305e */
	.byte 0x02                                                            /* 903062 . */
	.4byte basic_sm__error_handler - 0x008c0000 /* 903063 */
	.byte 0x03                                                            /* 903067 . */
	.4byte channels_switch_sm__action_dwelling_stopped - 0x008c0000 /* 903068 */
	.byte 0x05                                                            /* 90306c . */
	.4byte basic_sm__error_handler - 0x008c0000 /* 90306d */
	.byte 0x05                                                            /* 903071 . */
	.4byte basic_sm__error_handler - 0x008c0000 /* 903072 */
	.byte 0x06                                                            /* 903076 . */
	.4byte basic_sm__error_handler - 0x008c0000 /* 903077 */
	.byte 0x00                                                            /* 90307b . */
	.4byte basic_sm__error_handler - 0x008c0000 /* 90307c */
	.byte 0x01                                                            /* 903080 . */
	.4byte basic_sm__error_handler - 0x008c0000 /* 903081 */
	.byte 0x02                                                            /* 903085 . */
	.4byte basic_sm__error_handler - 0x008c0000 /* 903086 */
	.byte 0x03                                                            /* 90308a . */
	.4byte basic_sm__error_handler - 0x008c0000 /* 90308b */
	.byte 0x04                                                            /* 90308f . */
	.4byte channels_switch_sm__action_pop_ch_and_tune - 0x008c0000 /* 903090 */
	.byte 0x02                                                            /* 903094 . */
	.4byte channels_switch_sm__action_pop_ch_and_tune - 0x008c0000 /* 903095 */
	.byte 0x02                                                            /* 903099 . */
	.4byte basic_sm__error_handler - 0x008c0000 /* 90309a */
	.byte 0x00                                                            /* 90309e . */
	.4byte channels_switch_sm__action_scan_complete - 0x008c0000 /* 90309f */
	.byte 0x00                                                            /* 9030a3 . */
	.4byte channels_switch_sm__action_scan_complete - 0x008c0000 /* 9030a4 */
	.byte 0x00                                                            /* 9030a8 . */
	.4byte basic_sm__error_handler - 0x008c0000 /* 9030a9 */
	.byte 0x03                                                            /* 9030ad . */
	.4byte basic_sm__error_handler - 0x008c0000 /* 9030ae */
	.byte 0x04                                                            /* 9030b2 . */
	.4byte basic_sm__error_handler - 0x008c0000 /* 9030b3 */
	.byte 0x05                                                            /* 9030b7 . */
	.4byte basic_sm__error_handler - 0x008c0000 /* 9030b8 */
	.byte 0x02                                                            /* 9030bc . */
	.4byte basic_sm__error_handler - 0x008c0000 /* 9030bd */
	.byte 0x00                                                            /* 9030c1 . */
	.4byte channels_switch_sm__action_abort_allocate - 0x008c0000 /* 9030c2 */
	.byte 0x01                                                            /* 9030c6 . */
	.4byte channels_switch_sm__scan_abort_tunning - 0x008c0000 /* 9030c7 */
	.byte 0x02                                                            /* 9030cb . */
	.4byte basic_sm__error_handler - 0x008c0000 /* 9030cc */
	.byte 0x03                                                            /* 9030d0 . */
	.4byte channels_switch_sm__action_abort_dwelling - 0x008c0000 /* 9030d1 */
	.byte 0x04                                                            /* 9030d5 . */
	.4byte channels_switch_sm__action_pop_ch_and_tune - 0x008c0000 /* 9030d6 */
	.byte 0x02                                                            /* 9030da . */
	.4byte channels_switch_sm__action_pop_ch_and_tune - 0x008c0000 /* 9030db */
	.byte 0x02,0x04,0x03,0x00,0x00,0x50,0x16,0x80,0x00,0x8c,0x16,0x80,0x00,0x98,0x16,0x80 /* 9030df .....P.......... */
	.byte 0x00,0x00,0x00,0x00,0x00,0x07,0x05,0x00,0x00,0x08,0x31,0x80,0x00,0xb4,0x16,0x80 /* 9030ef ..........1..... */
	.byte 0x00,0xc8,0x16,0x80,0x00,0x00,0x00,0x00,0x00                    /* 9030ff ......... */
	.4byte state_sm_8030f4__action_8f0dd4 - 0x008c0000 /* 903108 */
	.byte 0x01,0x14,0xf5,0x01,0x00,0x01,0x14,0xf5,0x01,0x00,0x01          /* 90310c ........... */
	.4byte basic_sm__error_handler - 0x008c0000 /* 903117 */
	.byte 0x03                                                            /* 90311b . */
	.4byte state_sm_8030f4__action_8f9ce0 - 0x008c0000 /* 90311c */
	.byte 0x03                                                            /* 903120 . */
	.4byte state_sm_8030f4__action_8f0dd4 - 0x008c0000 /* 903121 */
	.byte 0x02,0x14,0xf5,0x01,0x00,0x02,0x14,0xf5,0x01,0x00,0x02          /* 903125 ........... */
	.4byte state_sm_8030f4__action_8f9994 - 0x008c0000 /* 903130 */
	.byte 0x04                                                            /* 903134 . */
	.4byte basic_sm__error_handler - 0x008c0000 /* 903135 */
	.byte 0x04                                                            /* 903139 . */
	.4byte basic_sm__error_handler - 0x008c0000 /* 90313a */
	.byte 0x00                                                            /* 90313e . */
	.4byte state_sm_8030f4__action_8f96a8 - 0x008c0000 /* 90313f */
	.byte 0x03                                                            /* 903143 . */
	.4byte state_sm_8030f4__action_8f9994 - 0x008c0000 /* 903144 */
	.byte 0x04                                                            /* 903148 . */
	.4byte basic_sm__error_handler - 0x008c0000 /* 903149 */
	.byte 0x03                                                            /* 90314d . */
	.4byte basic_sm__error_handler - 0x008c0000 /* 90314e */
	.byte 0x04,0x14,0xf5,0x01,0x00,0x00,0x14,0xf5,0x01,0x00,0x01,0x14,0xf5,0x01,0x00,0x02 /* 903152 ................ */
	.4byte find_main_sm__bcon - 0x008c0000 /* 903162 */
	.byte 0x03                                                            /* 903166 . */
	.4byte state_sm_8030f4__action_8f14d0 - 0x008c0000 /* 903167 */
	.byte 0x04,0x14,0xf5,0x01,0x00,0x00,0x14,0xf5,0x01,0x00,0x01,0x14,0xf5,0x01,0x00,0x02 /* 90316b ................ */
	.4byte state_sm_8030f4__action_8f76d8 - 0x008c0000 /* 90317b */
	.byte 0x03                                                            /* 90317f . */
	.4byte find_main_sm__probe_req_in_search - 0x008c0000 /* 903180 */
	.byte 0x04,0x14,0xf5,0x01,0x00,0x00,0x14,0xf5,0x01,0x00,0x01,0x14,0xf5,0x01,0x00,0x02 /* 903184 ................ */
	.byte 0x14,0xf5,0x01,0x00,0x03                                        /* 903194 ..... */
	.4byte find_main_sm__bf_ntf - 0x008c0000 /* 903199 */
	.byte 0x04,0x14,0xf5,0x01,0x00,0x00,0x14,0xf5,0x01,0x00,0x00,0x14,0xf5,0x01,0x00,0x00 /* 90319d ................ */
	.4byte find_main_sm__stop - 0x008c0000 /* 9031ad */
	.byte 0x00                                                            /* 9031b1 . */
	.4byte find_main_sm__stop_searching - 0x008c0000 /* 9031b2 */
	.byte 0x00,0x00,0x07,0x0d,0x13,0x19,0x1f,0x00,0x00,0x00,0x0d,0x00,0x03,0x07,0x0a,0x00 /* 9031b6 ................ */
	.byte 0x00,0x00,0x00,0x00,0x01,0x00,0x02,0x00,0x03,0x00,0x04,0x00,0x05,0x00,0x06,0x00 /* 9031c6 ................ */
	.byte 0x07,0x00,0x08,0x00,0x09,0x00,0x0a,0x00,0x0b,0x00,0x0c,0x00,0x0d,0x00,0x0e,0x00 /* 9031d6 ................ */
	.byte 0x0f,0x00,0x10,0x00,0x11,0x00,0x12,0x00,0x13,0x00,0x14,0x00,0x15,0x00,0x16,0x00 /* 9031e6 ................ */
	.byte 0x17,0x00,0x18,0x02,0x19,0x00,0x1a,0x00,0x1b,0x02,0x1c,0x02,0x1d,0x02,0x1e,0x02 /* 9031f6 ................ */
	.byte 0x1f,0x02,0x00,0x00,0x02,0x04,0x00,0x00,0x00,0x00,0x0c,0x06,0x00,0x00,0x24,0x32 /* 903206 ..............$2 */
	.byte 0x80,0x00,0x14,0x17,0x80,0x00,0x2c,0x17,0x80,0x00,0x00,0x00,0x00,0x00 /* 903216 ......,....... */
	.4byte rm_sm__action_8e9ad4 - 0x008c0000 /* 903224 */
	.byte 0x01                                                            /* 903228 . */
	.4byte rm_sm__action_at_2c - 0x008c0000 /* 903229 */
	.byte 0x01                                                            /* 90322d . */
	.4byte rm_sm__action_8e9ad4 - 0x008c0000 /* 90322e */
	.byte 0x01                                                            /* 903232 . */
	.4byte rm_sm__action_at_2c - 0x008c0000 /* 903233 */
	.byte 0x03                                                            /* 903237 . */
	.4byte rm_sm__action_at_2c - 0x008c0000 /* 903238 */
	.byte 0x04                                                            /* 90323c . */
	.4byte rm_sm__action_at_2c - 0x008c0000 /* 90323d */
	.byte 0x05                                                            /* 903241 . */
	.4byte basic_sm__error_handler - 0x008c0000 /* 903242 */
	.byte 0x00                                                            /* 903246 . */
	.4byte basic_sm__error_handler - 0x008c0000 /* 903247 */
	.byte 0x01                                                            /* 90324b . */
	.4byte switch_2_secondary - 0x008c0000 /* 90324c */
	.byte 0x01                                                            /* 903250 . */
	.4byte basic_sm__error_handler - 0x008c0000 /* 903251 */
	.byte 0x03                                                            /* 903255 . */
	.4byte basic_sm__error_handler - 0x008c0000 /* 903256 */
	.byte 0x04                                                            /* 90325a . */
	.4byte switch_2_secondary - 0x008c0000 /* 90325b */
	.byte 0x01                                                            /* 90325f . */
	.4byte basic_sm__error_handler - 0x008c0000 /* 903260 */
	.byte 0x00                                                            /* 903264 . */
	.4byte rm_sm__action_8e0eb0 - 0x008c0000 /* 903265 */
	.byte 0x02                                                            /* 903269 . */
	.4byte basic_sm__error_handler - 0x008c0000 /* 90326a */
	.byte 0x00                                                            /* 90326e . */
	.4byte basic_sm__error_handler - 0x008c0000 /* 90326f */
	.byte 0x00                                                            /* 903273 . */
	.4byte rm_main_sm__secondary_tune_done - 0x008c0000 /* 903274 */
	.byte 0x05                                                            /* 903278 . */
	.4byte basic_sm__error_handler - 0x008c0000 /* 903279 */
	.byte 0x00                                                            /* 90327d . */
	.4byte rm_main_sm__get_next_request - 0x008c0000 /* 90327e */
	.byte 0x00,0x14,0xf5,0x01,0x00,0x01                                   /* 903282 ...... */
	.4byte rm_main_sm__get_next_request - 0x008c0000 /* 903288 */
	.byte 0x02                                                            /* 90328c . */
	.4byte rm_main_sm__get_next_prim_request - 0x008c0000 /* 90328d */
	.byte 0x03,0x14,0xf5,0x01,0x00,0x04,0x14,0xf5,0x01,0x00,0x05          /* 903291 ........... */
	.4byte basic_sm__error_handler - 0x008c0000 /* 90329c */
	.byte 0x00                                                            /* 9032a0 . */
	.4byte basic_sm__error_handler - 0x008c0000 /* 9032a1 */
	.byte 0x00                                                            /* 9032a5 . */
	.4byte rm_main_sm__lock_primary - 0x008c0000 /* 9032a6 */
	.byte 0x03                                                            /* 9032aa . */
	.4byte basic_sm__error_handler - 0x008c0000 /* 9032ab */
	.byte 0x00                                                            /* 9032af . */
	.4byte basic_sm__error_handler - 0x008c0000 /* 9032b0 */
	.byte 0x00                                                            /* 9032b4 . */
	.4byte basic_sm__error_handler - 0x008c0000 /* 9032b5 */
	.byte 0x00                                                            /* 9032b9 . */
	.4byte basic_sm__error_handler - 0x008c0000 /* 9032ba */
	.byte 0x00                                                            /* 9032be . */
	.4byte basic_sm__error_handler - 0x008c0000 /* 9032bf */
	.byte 0x00                                                            /* 9032c3 . */
	.4byte basic_sm__error_handler - 0x008c0000 /* 9032c4 */
	.byte 0x00                                                            /* 9032c8 . */
	.4byte rm_main_sm__enter_primary_non_locked - 0x008c0000 /* 9032c9 */
	.byte 0x02                                                            /* 9032cd . */
	.4byte basic_sm__error_handler - 0x008c0000 /* 9032ce */
	.byte 0x00                                                            /* 9032d2 . */
	.4byte basic_sm__error_handler - 0x008c0000 /* 9032d3 */
	.byte 0x00                                                            /* 9032d7 . */
	.4byte rm_sm__action_8e83f4 - 0x008c0000 /* 9032d8 */
	.byte 0x04                                                            /* 9032dc . */
	.4byte basic_sm__error_handler - 0x008c0000 /* 9032dd */
	.byte 0x00                                                            /* 9032e1 . */
	.4byte rm_sm__action_8e83f4 - 0x008c0000 /* 9032e2 */
	.byte 0x04                                                            /* 9032e6 . */
	.4byte basic_sm__error_handler - 0x008c0000 /* 9032e7 */
	.byte 0x00                                                            /* 9032eb . */
	.4byte basic_sm__error_handler - 0x008c0000 /* 9032ec */
	.byte 0x00                                                            /* 9032f0 . */
	.4byte rm_sm__action_8e83f4 - 0x008c0000 /* 9032f1 */
	.byte 0x04                                                            /* 9032f5 . */
	.4byte basic_sm__error_handler - 0x008c0000 /* 9032f6 */
	.byte 0x00                                                            /* 9032fa . */
	.4byte basic_sm__error_handler - 0x008c0000 /* 9032fb */
	.byte 0x00                                                            /* 9032ff . */
	.4byte basic_sm__error_handler - 0x008c0000 /* 903300 */
	.byte 0x00                                                            /* 903304 . */
	.4byte rm_main_sm__primary_handle_free - 0x008c0000 /* 903305 */
	.byte 0x03                                                            /* 903309 . */
	.4byte rm_main_sm__mark_as_pending_removal - 0x008c0000 /* 90330a */
	.byte 0x04                                                            /* 90330e . */
	.4byte rm_main_sm__secondary_handle_free - 0x008c0000 /* 90330f */
	.byte 0x05                                                            /* 903313 . */
	.4byte rm__invalidate_tune_slot - 0x008c0000 /* 903314 */
	.byte 0x00                                                            /* 903318 . */
	.4byte rm__invalidate_tune_slot - 0x008c0000 /* 903319 */
	.byte 0x01                                                            /* 90331d . */
	.4byte rm_sm__action_8e9ac0 - 0x008c0000 /* 90331e */
	.byte 0x01                                                            /* 903322 . */
	.4byte rm__invalidate_tune_slot - 0x008c0000 /* 903323 */
	.byte 0x03                                                            /* 903327 . */
	.4byte rm__invalidate_tune_slot - 0x008c0000 /* 903328 */
	.byte 0x04                                                            /* 90332c . */
	.4byte rm__invalidate_tune_slot - 0x008c0000 /* 90332d */
	.byte 0x05                                                            /* 903331 . */
	.4byte basic_sm__error_handler - 0x008c0000 /* 903332 */
	.byte 0x00                                                            /* 903336 . */
	.4byte basic_sm__error_handler - 0x008c0000 /* 903337 */
	.byte 0x00                                                            /* 90333b . */
	.4byte rm_sm__action_8cd0a0 - 0x008c0000 /* 90333c */
	.byte 0x00                                                            /* 903340 . */
	.4byte basic_sm__error_handler - 0x008c0000 /* 903341 */
	.byte 0x00                                                            /* 903345 . */
	.4byte basic_sm__error_handler - 0x008c0000 /* 903346 */
	.byte 0x00                                                            /* 90334a . */
	.4byte basic_sm__error_handler - 0x008c0000 /* 90334b */
	.byte 0x00                                                            /* 90334f . */
	.4byte basic_sm__error_handler - 0x008c0000 /* 903350 */
	.byte 0x00                                                            /* 903354 . */
	.4byte basic_sm__error_handler - 0x008c0000 /* 903355 */
	.byte 0x00                                                            /* 903359 . */
	.4byte basic_sm__error_handler - 0x008c0000 /* 90335a */
	.byte 0x00                                                            /* 90335e . */
	.4byte basic_sm__error_handler - 0x008c0000 /* 90335f */
	.byte 0x00                                                            /* 903363 . */
	.4byte basic_sm__error_handler - 0x008c0000 /* 903364 */
	.byte 0x00                                                            /* 903368 . */
	.4byte rm_sm__action_8e4ee4 - 0x008c0000 /* 903369 */
	.byte 0x04                                                            /* 90336d . */
	.4byte rm_main_sm__call_cb - 0x008c0000 /* 90336e */
	.byte 0x00                                                            /* 903372 . */
	.4byte rm_main_sm__call_cb - 0x008c0000 /* 903373 */
	.byte 0x01                                                            /* 903377 . */
	.4byte rm_main_sm__call_cb - 0x008c0000 /* 903378 */
	.byte 0x02                                                            /* 90337c . */
	.4byte rm_main_sm__call_cb - 0x008c0000 /* 90337d */
	.byte 0x03                                                            /* 903381 . */
	.4byte rm_main_sm__call_cb - 0x008c0000 /* 903382 */
	.byte 0x04                                                            /* 903386 . */
	.4byte rm_main_sm__call_cb - 0x008c0000 /* 903387 */
	.byte 0x05,0x07,0x03,0x00,0x00,0xa0,0x33,0x80,0x00,0x68,0x17,0x80,0x00,0x74,0x17,0x80 /* 90338b ......3..h...t.. */
	.byte 0x00,0x00,0x00,0x00,0x00                                        /* 90339b ..... */
	.4byte rm_ch_switch_sm__action_8c5be8 - 0x008c0000 /* 9033a0 */
	.byte 0x01                                                            /* 9033a4 . */
	.4byte basic_sm__error_handler - 0x008c0000 /* 9033a5 */
	.byte 0x01                                                            /* 9033a9 . */
	.4byte basic_sm__error_handler - 0x008c0000 /* 9033aa */
	.byte 0x02                                                            /* 9033ae . */
	.4byte basic_sm__error_handler - 0x008c0000 /* 9033af */
	.byte 0x00                                                            /* 9033b3 . */
	.4byte rm_ch_switch_sm__fwtx_channel_stopped_8cb6e8 - 0x008c0000 /* 9033b4 */
	.byte 0x01                                                            /* 9033b8 . */
	.4byte basic_sm__error_handler - 0x008c0000 /* 9033b9 */
	.byte 0x02                                                            /* 9033bd . */
	.4byte basic_sm__error_handler - 0x008c0000 /* 9033be */
	.byte 0x00                                                            /* 9033c2 . */
	.4byte rm_ch_switch_sm__action_8c7f14 - 0x008c0000 /* 9033c3 */
	.byte 0x01                                                            /* 9033c7 . */
	.4byte basic_sm__error_handler - 0x008c0000 /* 9033c8 */
	.byte 0x02                                                            /* 9033cc . */
	.4byte basic_sm__error_handler - 0x008c0000 /* 9033cd */
	.byte 0x00                                                            /* 9033d1 . */
	.4byte rm_ch_switch_sm__action_8e3a9c - 0x008c0000 /* 9033d2 */
	.byte 0x01                                                            /* 9033d6 . */
	.4byte basic_sm__error_handler - 0x008c0000 /* 9033d7 */
	.byte 0x02                                                            /* 9033db . */
	.4byte basic_sm__error_handler - 0x008c0000 /* 9033dc */
	.byte 0x00                                                            /* 9033e0 . */
	.4byte rm_ch_switch_sm__switch_on - 0x008c0000 /* 9033e1 */
	.byte 0x02                                                            /* 9033e5 . */
	.4byte basic_sm__error_handler - 0x008c0000 /* 9033e6 */
	.byte 0x02                                                            /* 9033ea . */
	.4byte basic_sm__error_handler - 0x008c0000 /* 9033eb */
	.byte 0x00                                                            /* 9033ef . */
	.4byte basic_sm__error_handler - 0x008c0000 /* 9033f0 */
	.byte 0x01                                                            /* 9033f4 . */
	.4byte rm_ch_switch_sm__action_8e3ac8 - 0x008c0000 /* 9033f5 */
	.byte 0x02                                                            /* 9033f9 . */
	.4byte basic_sm__error_handler - 0x008c0000 /* 9033fa */
	.byte 0x00                                                            /* 9033fe . */
	.4byte rm_ch_switch_sm__notify_ch_switch_done_8c5bb8 - 0x008c0000 /* 9033ff */
	.byte 0x00                                                            /* 903403 . */
	.4byte rm_ch_switch_sm__notify_ch_switch_done_8c5bb8 - 0x008c0000 /* 903404 */
	.byte 0x00,0x00,0x00,0x00,0x29,0x29,0x00,0x0a,0x0e,0x0a,0x0a,0x0e,0x0a,0x0e,0x0a,0x0e /* 903408 ....)).......... */
	.byte 0x0a,0x00,0x00,0x00,0x0a,0x1f,0x18,0x23,0x1f,0x18,0x29,0x00,0x09,0x03,0x00,0x00 /* 903418 .......#..)..... */
	.byte 0x38,0x34,0x80,0x00,0xa8,0x17,0x80,0x00,0xb4,0x17,0x80,0x00,0x00,0x00,0x00,0x00 /* 903428 84.............. */
	.4byte state_sm_803424__action_8f064c - 0x008c0000 /* 903438 */
	.byte 0x00                                                            /* 90343c . */
	.4byte state_sm_803424__action_8f0500 - 0x008c0000 /* 90343d */
	.byte 0x00                                                            /* 903441 . */
	.4byte state_sm_803424__action_8f0500 - 0x008c0000 /* 903442 */
	.byte 0x00                                                            /* 903446 . */
	.4byte state_sm_803424__action_8f0750 - 0x008c0000 /* 903447 */
	.byte 0x01                                                            /* 90344b . */
	.4byte basic_sm__error_handler - 0x008c0000 /* 90344c */
	.byte 0x01                                                            /* 903450 . */
	.4byte basic_sm__error_handler - 0x008c0000 /* 903451 */
	.byte 0x02                                                            /* 903455 . */
	.4byte state_sm_803424__action_8f0584 - 0x008c0000 /* 903456 */
	.byte 0x00                                                            /* 90345a . */
	.4byte state_sm_803424__action_8f09f4 - 0x008c0000 /* 90345b */
	.byte 0x01                                                            /* 90345f . */
	.4byte basic_sm__error_handler - 0x008c0000 /* 903460 */
	.byte 0x02                                                            /* 903464 . */
	.4byte state_sm_803424__action_8f05f4 - 0x008c0000 /* 903465 */
	.byte 0x01                                                            /* 903469 . */
	.4byte state_sm_803424__action_8f08c0 - 0x008c0000 /* 90346a */
	.byte 0x01                                                            /* 90346e . */
	.4byte basic_sm__error_handler - 0x008c0000 /* 90346f */
	.byte 0x02                                                            /* 903473 . */
	.4byte basic_sm__error_handler - 0x008c0000 /* 903474 */
	.byte 0x00                                                            /* 903478 . */
	.4byte state_sm_803424__action_8f0a1c - 0x008c0000 /* 903479 */
	.byte 0x02                                                            /* 90347d . */
	.4byte basic_sm__error_handler - 0x008c0000 /* 90347e */
	.byte 0x02                                                            /* 903482 . */
	.4byte basic_sm__error_handler - 0x008c0000 /* 903483 */
	.byte 0x00                                                            /* 903487 . */
	.4byte basic_sm__error_handler - 0x008c0000 /* 903488 */
	.byte 0x01                                                            /* 90348c . */
	.4byte state_sm_803424__action_8f0a20 - 0x008c0000 /* 90348d */
	.byte 0x01                                                            /* 903491 . */
	.4byte state_sm_803424__action_8f0500 - 0x008c0000 /* 903492 */
	.byte 0x00                                                            /* 903496 . */
	.4byte state_sm_803424__action_8f0534 - 0x008c0000 /* 903497 */
	.byte 0x00                                                            /* 90349b . */
	.4byte state_sm_803424__action_8f0584 - 0x008c0000 /* 90349c */
	.byte 0x00,0x14,0xf5,0x01,0x00,0x00                                   /* 9034a0 ...... */
	.4byte state_sm_803424__action_8f0534 - 0x008c0000 /* 9034a6 */
	.byte 0x00                                                            /* 9034aa . */
	.4byte state_sm_803424__action_8f0584 - 0x008c0000 /* 9034ab */
	.byte 0x00                                                            /* 9034af . */
	.4byte basic_sm__error_handler - 0x008c0000 /* 9034b0 */
	.byte 0x00                                                            /* 9034b4 . */
	.4byte state_sm_803424__action_8f0a10 - 0x008c0000 /* 9034b5 */
	.byte 0x00                                                            /* 9034b9 . */
	.4byte state_sm_803424__action_8f0a10 - 0x008c0000 /* 9034ba */
	.byte 0x00,0x00,0x08,0x05,0x00,0x00,0xd4,0x34,0x80,0x00,0xe4,0x17,0x80,0x00,0xf8,0x17 /* 9034be .......4........ */
	.byte 0x80,0x00,0x00,0x00,0x00,0x00                                   /* 9034ce ...... */
	.4byte state_sm_8034c0__action_8f0a24 - 0x008c0000 /* 9034d4 */
	.byte 0x03                                                            /* 9034d8 . */
	.4byte basic_sm__error_handler - 0x008c0000 /* 9034d9 */
	.byte 0x00                                                            /* 9034dd . */
	.4byte basic_sm__error_handler - 0x008c0000 /* 9034de */
	.byte 0x00                                                            /* 9034e2 . */
	.4byte state_sm_8034c0__action_8f0a24 - 0x008c0000 /* 9034e3 */
	.byte 0x03                                                            /* 9034e7 . */
	.4byte state_sm_8034c0__action_8f0a24 - 0x008c0000 /* 9034e8 */
	.byte 0x03                                                            /* 9034ec . */
	.4byte basic_sm__error_handler - 0x008c0000 /* 9034ed */
	.byte 0x00                                                            /* 9034f1 . */
	.4byte basic_sm__error_handler - 0x008c0000 /* 9034f2 */
	.byte 0x00                                                            /* 9034f6 . */
	.4byte state_sm_8034c0__action_8f058c - 0x008c0000 /* 9034f7 */
	.byte 0x01                                                            /* 9034fb . */
	.4byte basic_sm__error_handler - 0x008c0000 /* 9034fc */
	.byte 0x00                                                            /* 903500 . */
	.4byte basic_sm__error_handler - 0x008c0000 /* 903501 */
	.byte 0x00                                                            /* 903505 . */
	.4byte basic_sm__error_handler - 0x008c0000 /* 903506 */
	.byte 0x00                                                            /* 90350a . */
	.4byte ftm_main_sm__action_pop_ch_and_tune - 0x008c0000 /* 90350b */
	.byte 0x02                                                            /* 90350f . */
	.4byte basic_sm__error_handler - 0x008c0000 /* 903510 */
	.byte 0x00                                                            /* 903514 . */
	.4byte basic_sm__error_handler - 0x008c0000 /* 903515 */
	.byte 0x00                                                            /* 903519 . */
	.4byte basic_sm__error_handler - 0x008c0000 /* 90351a */
	.byte 0x00                                                            /* 90351e . */
	.4byte state_sm_8034c0__action_8f058c - 0x008c0000 /* 90351f */
	.byte 0x01                                                            /* 903523 . */
	.4byte basic_sm__error_handler - 0x008c0000 /* 903524 */
	.byte 0x00                                                            /* 903528 . */
	.4byte basic_sm__error_handler - 0x008c0000 /* 903529 */
	.byte 0x00                                                            /* 90352d . */
	.4byte ftm_main_sm__action_pop_ch_and_tune - 0x008c0000 /* 90352e */
	.byte 0x02                                                            /* 903532 . */
	.4byte basic_sm__error_handler - 0x008c0000 /* 903533 */
	.byte 0x00                                                            /* 903537 . */
	.4byte basic_sm__error_handler - 0x008c0000 /* 903538 */
	.byte 0x00                                                            /* 90353c . */
	.4byte basic_sm__error_handler - 0x008c0000 /* 90353d */
	.byte 0x00                                                            /* 903541 . */
	.4byte ftm_main_sm__action_radio_tunned - 0x008c0000 /* 903542 */
	.byte 0x03                                                            /* 903546 . */
	.4byte basic_sm__error_handler - 0x008c0000 /* 903547 */
	.byte 0x00                                                            /* 90354b . */
	.4byte basic_sm__error_handler - 0x008c0000 /* 90354c */
	.byte 0x00                                                            /* 903550 . */
	.4byte basic_sm__error_handler - 0x008c0000 /* 903551 */
	.byte 0x04                                                            /* 903555 . */
	.4byte basic_sm__error_handler - 0x008c0000 /* 903556 */
	.byte 0x00                                                            /* 90355a . */
	.4byte basic_sm__error_handler - 0x008c0000 /* 90355b */
	.byte 0x00                                                            /* 90355f . */
	.4byte ftm_main_sm__action_link_acquisition - 0x008c0000 /* 903560 */
	.byte 0x04                                                            /* 903564 . */
	.4byte basic_sm__error_handler - 0x008c0000 /* 903565 */
	.byte 0x00                                                            /* 903569 . */
	.4byte ftm_main_sm__action_abort_session - 0x008c0000 /* 90356a */
	.byte 0x00                                                            /* 90356e . */
	.4byte ftm_main_sm__action_abort_session - 0x008c0000 /* 90356f */
	.byte 0x00                                                            /* 903573 . */
	.4byte ftm_main_sm__action_abort_session - 0x008c0000 /* 903574 */
	.byte 0x00                                                            /* 903578 . */
	.4byte ftm_main_sm__action_abort_session - 0x008c0000 /* 903579 */
	.byte 0x00                                                            /* 90357d . */
	.4byte ftm_main_sm__action_abort_session - 0x008c0000 /* 90357e */
	.byte 0x00                                                            /* 903582 . */
	.4byte state_sm_8034c0__action_8f0588 - 0x008c0000 /* 903583 */
	.byte 0x00                                                            /* 903587 . */
	.4byte basic_sm__error_handler - 0x008c0000 /* 903588 */
	.byte 0x00                                                            /* 90358c . */
	.4byte basic_sm__error_handler - 0x008c0000 /* 90358d */
	.byte 0x00                                                            /* 903591 . */
	.4byte state_sm_8034c0__action_8f0588 - 0x008c0000 /* 903592 */
	.byte 0x00                                                            /* 903596 . */
	.4byte basic_sm__error_handler - 0x008c0000 /* 903597 */
	.byte 0x00,0x00,0x00,0x00,0x00,0x00,0x00,0x00,0x00,0x00,0x00,0x00,0x00,0x00,0x00,0x00 /* 90359b ................ */
	.byte 0x00,0x00,0x00,0x00,0x00,0x00,0x00,0x00,0x00,0x00,0x00,0x00,0x00,0x00,0x00,0x00 /* 9035ab ................ */
	.byte 0x00,0x00,0x00,0x00,0x00,0x00,0x00,0x00,0x00,0x00,0x00,0x00,0x00,0x00,0x00,0x00 /* 9035bb ................ */
	.byte 0x00,0x00,0x00,0x00,0x00,0x00,0x00,0x00,0x00,0x00,0x00,0x00,0x00,0x00,0x00,0x00 /* 9035cb ................ */
	.byte 0x00,0x00,0x00,0x00,0x00,0x00,0x00,0x00,0x00,0x00,0x00,0x00,0x00,0x00,0x00,0x00 /* 9035db ................ */
	.byte 0x00,0x00,0x00,0x00,0x00,0x00,0x00,0x00,0x00,0x00,0x00,0x00,0x00,0x00,0x00,0x00 /* 9035eb ................ */
	.byte 0x00,0x00,0x00,0x00,0x00,0x02,0x00,0x1f,0x00,0x2f,0x00,0x3d,0x00,0x53,0x00,0x63 /* 9035fb ........./.=.S.c */
	.byte 0x00,0x6f,0x00,0x8b,0x00,0xcb,0x00,0xa0,0x00,0xdb,0x00,0x00,0x00,0xd7,0x01,0xd7 /* 90360b .o.............. */
	.byte 0x01,0xd7,0x01,0xd7,0x01,0xd7,0x01,0xd7,0x01,0x38,0x01,0x47,0x01,0x57,0x01,0xd7 /* 90361b .........8.G.W.. */
	.byte 0x01,0xd7,0x01,0x9b,0x01,0xd7,0x01,0xb0,0x01,0xd7,0x01,0xd7,0x01,0xd7,0x01,0xd7 /* 90362b ................ */
	.byte 0x01,0xd7,0x01,0x78,0x01,0xd7,0x01,0xd7,0x01,0xd7,0x01,0xd7,0x01,0xd7,0x01,0x5c /* 90363b ...x...........\ */
	.byte 0x01,0xba,0x01,0xd7,0x01,0xd7,0x01,0xd7,0x01,0xd7,0x01,0xd7,0x01,0xd7,0x01,0xd7 /* 90364b ................ */
	.byte 0x01,0xd7,0x01,0xd7,0x01,0xd7,0x01,0xd7,0x01,0xd7,0x01,0xd7,0x01,0xd7,0x01,0xd7 /* 90365b ................ */
	.byte 0x01,0xd7,0x01,0xd7,0x01,0xd7,0x01,0xd7,0x01,0xd7,0x01,0xd7,0x01,0xd7,0x01,0xd7 /* 90366b ................ */
	.byte 0x01,0xd7,0x01,0xd7,0x01,0xd7,0x01,0xd7,0x01,0xd7,0x01,0xd7,0x01,0xd7,0x01,0xd7 /* 90367b ................ */
	.byte 0x01,0xd7,0x01,0xd7,0x01,0xd3,0x01,0x00,0x00,0x00,0x00,0x00,0x00,0x00,0x00,0x00 /* 90368b ................ */
	.byte 0x00,0x00,0x00,0x00,0x00,0x00,0x00,0x00,0x00,0x00,0x00,0x00,0x00,0x00,0x00,0x00 /* 90369b ................ */
	.byte 0x00,0x00,0x00,0x00,0x00,0x63,0x00,0x2c,0x02,0x69,0x00,0x2c,0x02,0x7b,0x00,0x8c /* 9036ab .....c.,.i.,.{.. */
	.byte 0x00,0xb1,0x00,0xe5,0x00,0x11,0x01,0x48,0x01,0x90,0x01,0xb0,0x01,0xd1,0x01,0x00 /* 9036bb .......H........ */
	.byte 0x00,0x06,0x06,0x00,0x06,0x00,0x00,0x00,0x00,0x00,0x00,0x00,0x00,0x00,0x00,0x00 /* 9036cb ................ */
	.byte 0x06,0x07,0x10,0x2a,0x30,0x2a,0x2a,0x2a,0x2a,0x2a,0x2a,0x2a,0x2a,0x2a,0x2a,0x2a /* 9036db ...*0*********** */
	.byte 0x16,0x01,0x00,0x00,0x00,0x01,0x00,0x00,0x00,0x02,0x00,0x00,0x00,0x02,0x00,0x00 /* 9036eb ................ */
	.byte 0x00,0x03,0x00,0x00,0x00,0x03,0x00,0x00,0x00,0x04,0x00,0x00,0x00,0x05,0x00,0x00 /* 9036fb ................ */
	.byte 0x00,0x06,0x00,0x00,0x00,0x08,0x00,0x00,0x00,0x0a,0x00,0x00,0x00,0x0d,0x00,0x00 /* 90370b ................ */
	.byte 0x00,0x10,0x00,0x00,0x00,0x14,0x00,0x00,0x00,0x19,0x00,0x00,0x00,0x20,0x00,0x00 /* 90371b ............. .. */
	.byte 0x00,0x28,0x00,0x00,0x00,0x32,0x00,0x00,0x00,0x3f,0x00,0x00,0x00,0x4f,0x00,0x00 /* 90372b .(...2...?...O.. */
	.byte 0x00,0x64,0x00,0x00,0x00,0x7e,0x00,0x00,0x00,0x9e,0x00,0x00,0x00,0xc8,0x00,0x00 /* 90373b .d...~.......... */
	.byte 0x00,0xfb,0x00,0x00,0x00,0x3c,0x01,0x00,0x00,0x8e,0x01,0x00,0x00,0xf5,0x01,0x00 /* 90374b .....<.......... */
	.byte 0x00,0x77,0x02,0x00,0x00,0x1a,0x03,0x00,0x00,0xe8,0x03,0x00,0x00,0xeb,0x04,0x00 /* 90375b .w.............. */
	.byte 0x00,0x31,0x06,0x00,0x00,0xcb,0x07,0x00,0x00,0xd0,0x09,0x00,0x00,0x5a,0x0c,0x00 /* 90376b .1...........Z.. */
	.byte 0x00,0x8d,0x0f,0x00,0x00,0x94,0x13,0x00,0x00,0xa6,0x18,0x00,0x00,0x07,0x1f,0x00 /* 90377b ................ */
	.byte 0x00,0x10,0x27,0x00,0x00,0x2d,0x31,0x00,0x00,0xe9,0x3d,0x00,0x00,0xf1,0x4d,0x00 /* 90378b ..'..-1...=...M. */
	.byte 0x00,0x1f,0x62,0x00,0x00,0x87,0x7b,0x00,0x00,0x83,0x9b,0x00,0x00,0xc7,0xc3,0x00 /* 90379b ..b...{......... */
	.byte 0x00,0x78,0xf6,0x00,0x00,0x49,0x36,0x01,0x00,0xa0,0x86,0x01,0x00,0xc5,0xeb,0x01 /* 9037ab .x...I6......... */
	.byte 0x00,0x19,0x6b,0x02,0x00,0x66,0x0b,0x03,0x00,0x35,0xd5,0x03,0x00,0x44,0xd3,0x04 /* 9037bb ..k..f...5...D.. */
	.byte 0x00,0x1b,0x13,0x06,0x00,0xc3,0xa5,0x07,0x00,0xad,0xa0,0x09,0x00,0xd8,0x1e,0x0c /* 9037cb ................ */
	.byte 0x00,0x40,0x42,0x0f,0x00,0xad,0x35,0x13,0x00,0xfd,0x2e,0x18,0x00,0xfe,0x71,0x1e /* 9037db .@B...5.......q. */
	.byte 0x00,0x40,0x00,0x00,0x00,0x40,0x00,0x00,0x00,0x00,0x00,0x00,0x00,0x00,0x00,0x00 /* 9037eb .@...@.......... */
	.byte 0x00,0x00,0x00,0x00,0x00,0x00,0x00,0x00,0x00,0x00,0x00,0x00,0x00,0x00,0x00,0x00 /* 9037fb ................ */
	.byte 0x00,0x00,0x00,0x00,0x00,0xe1,0xe1,0x1f,0x1f,0x04,0x02,0x03,0x00,0x04,0x03,0x03 /* 90380b ................ */
	.byte 0x03,0x06,0x06,0x06,0x00,0x06,0x00,0x00,0x00,0x1c,0x21,0x28,0x2f,0x33,0x3a,0x44 /* 90381b ..........!(/3:D */
	.byte 0x48,0x4c,0x00,0x00,0x00,0x06,0x06,0x06,0x00,0x06,0x00,0x00,0x00,0xf3,0x03,0xf3 /* 90382b HL.............. */
	.byte 0x03,0x09,0x00,0x1f,0x00,0x12,0x00,0xde,0x03,0xb9,0x03,0xea,0x03,0x7e,0x00,0x27 /* 90383b .............~.' */
	.byte 0x01,0x72,0x01,0x27,0x01,0x7e,0x00,0xea,0x03,0xb9,0x03,0xde,0x03,0x12,0x00,0x1f /* 90384b .r.'.~.......... */
	.byte 0x00,0x09,0x00,0xf3,0x03,0xf3,0x03,0xf2,0x03,0xf2,0x03,0x0a,0x00,0x23,0x00,0x14 /* 90385b .............#.. */
	.byte 0x00,0xdb,0x03,0xb1,0x03,0xe7,0x03,0x8c,0x00,0x48,0x01,0x9b,0x01,0x48,0x01,0x8c /* 90386b .........H...H.. */
	.byte 0x00,0xe7,0x03,0xb1,0x03,0xdb,0x03,0x14,0x00,0x23,0x00,0x0a,0x00,0xf2,0x03,0xf2 /* 90387b .........#...... */
	.byte 0x03,0xfc,0x03,0xfb,0x03,0x03,0x00,0x0b,0x00,0x06,0x00,0xf4,0x03,0xe7,0x03,0xf8 /* 90388b ................ */
	.byte 0x03,0x2c,0x00,0x68,0x00,0x82,0x00,0x68,0x00,0x2c,0x00,0xf8,0x03,0xe7,0x03,0xf4 /* 90389b .,.h...h.,...... */
	.byte 0x03,0x06,0x00,0x0b,0x00,0x03,0x00,0xfb,0x03,0xfc,0x03,0xf3,0x03,0xf2,0x03,0x0a /* 9038ab ................ */
	.byte 0x00,0x21,0x00,0x13,0x00,0xdd,0x03,0xb5,0x03,0xe9,0x03,0x85,0x00,0x37,0x01,0x86 /* 9038bb .!...........7.. */
	.byte 0x01,0x37,0x01,0x85,0x00,0xe9,0x03,0xb5,0x03,0xdd,0x03,0x13,0x00,0x21,0x00,0x0a /* 9038cb .7...........!.. */
	.byte 0x00,0xf2,0x03,0xf3,0x03,0x00,0x09,0x12,0x1b,0x00,0x02,0x04,0x0c,0x07,0x0a,0x00 /* 9038db ................ */
	.byte 0x00,0x06,0x06,0x06,0x00,0x06,0x00,0x00,0x00,0x06,0x06,0x06,0x00,0x06,0x00,0x00 /* 9038eb ................ */
	.byte 0x00,0x00,0x03,0x06,0x09,0x0c,0x0f,0x12,0x1b,0x15,0x18,0x00,0x00,0x01,0x01,0x01 /* 9038fb ................ */
	.byte 0x01,0x01,0x00,0x01,0x01,0x01,0x00,0x00,0x00,0x00,0x00,0x00,0x00,0x00,0x00,0x00 /* 90390b ................ */
	.byte 0x00,0x00,0x17,0x36,0x55,0x74,0x93,0xb2,0xd1,0x00,0x00,0x00,0x00,0x00,0x00,0x00 /* 90391b ...6Ut.......... */
	.byte 0x00,0x00,0x00,0x00,0x00,0x00,0x00,0x00,0x00,0x05,0x05,0x00,0x05,0x00,0x00,0x00 /* 90392b ................ */
	.byte 0x05,0x00,0x00,0x00,0x00,0x00,0x00,0x00,0x05,0x12,0x14,0x16,0x18,0x1a,0x1c,0x00 /* 90393b ................ */
	.byte 0x00,0x17,0x15,0x1b,0x21,0x1d,0x19,0x1f,0x00,0x00,0x1c,0x38,0x54,0x06,0x06,0x06 /* 90394b ....!......8T... */
	.byte 0x00,0x06,0x00,0x00,0x00,0x00,0x00,0x00,0x00,0x00,0x00,0x09,0x09,0x03,0x03,0x03 /* 90395b ................ */
	.byte 0x03,0x03,0x03,0x06,0x00,0x00,0x04,0x00,0x00,0x00,0x04,0x00,0x00,0x00,0x04,0x00 /* 90396b ................ */
	.byte 0x00,0x00,0x00,0x00,0x00,0x00,0x00,0x00,0x00,0x00,0x00,0x06,0x06,0x02,0x02,0x02 /* 90397b ................ */
	.byte 0x02,0x02,0x02,0x04,0x00,0x07,0x09,0x0b,0x0b,0x0b,0x0b,0x0b,0x00,0x0b,0x0b,0x07 /* 90398b ................ */
	.byte 0x00,0x00,0x00,0x00,0x00,0x00,0x00,0x00,0x00,0x00,0x00,0x00,0x00,0x00,0x00,0x00 /* 90399b ................ */
	.byte 0x00,0x00,0x00,0x00,0x00,0x00,0x00,0x00,0x00,0x00,0x00,0x00,0x00,0x00,0x00,0x00 /* 9039ab ................ */
	.byte 0x00,0x00,0x00,0x00,0x00,0x00,0x00,0x00,0x00,0x00,0x00,0x00,0x00,0x00,0x00,0x00 /* 9039bb ................ */
	.byte 0x00,0x00,0x00,0x00,0x00,0x00,0x00,0x00,0x00,0x00,0x00,0x00,0x00,0x00,0x00,0x00 /* 9039cb ................ */
	.byte 0x00,0x00,0x00,0x00,0x00,0x00,0x00,0x00,0x00,0x00,0x00,0x00,0x00,0x00,0x00,0x00 /* 9039db ................ */
	.byte 0x00,0x00,0x00,0x00,0x00,0x00,0x00,0x00,0x00,0xec,0x00,0xf1,0x00,0xf6,0x00,0xfb /* 9039eb ................ */
	.byte 0x00,0x00,0x01,0x06,0x01,0x0a,0x01,0x0f,0x01,0x14,0x01,0x19,0x01,0x1e,0x01,0x66 /* 9039fb ...............f */
	.byte 0x01,0x6c,0x01,0x73,0x01,0x79,0x01,0x7f,0x01,0x84,0x01,0x8c,0x01,0x94,0x01,0x98 /* 903a0b .l.s.y.......... */
	.byte 0x01,0x9f,0x01,0xa3,0x01,0xab,0x01,0xb5,0x01,0xbd,0x01,0x18,0x06,0xcb,0x01,0xd2 /* 903a1b ................ */
	.byte 0x01,0xe1,0x01,0xed,0x01,0xf4,0x01,0xfb,0x01,0x02,0x02,0x08,0x02,0x0e,0x02,0x2b /* 903a2b ...............+ */
	.byte 0x02,0x30,0x02,0x35,0x02,0x3a,0x02,0x3e,0x02,0x42,0x02,0x46,0x02,0x4a,0x02,0x4f /* 903a3b .0.5.:.>.B.F.J.O */
	.byte 0x02,0x44,0x02,0xd3,0x01,0xb1,0x01,0x0f,0x01,0x14,0x01,0x1b,0x01,0x22,0x01,0x28 /* 903a4b .D...........".( */
	.byte 0x01,0x37,0x01,0x43,0x01,0x47,0x01,0x4b,0x01,0x04,0x06,0x04,0x06,0x04,0x06,0x04 /* 903a5b .7.C.G.K........ */
	.byte 0x06,0x04,0x06,0x04,0x06,0x48,0x02,0x50,0x02,0x57,0x02,0x5e,0x02,0x64,0x02,0x6a /* 903a6b .....H.P.W.^.d.j */
	.byte 0x02,0xc4,0x01,0x04,0x06,0x04,0x06,0x04,0x06,0x04,0x06,0x04,0x06,0x04,0x06,0x04 /* 903a7b ................ */
	.byte 0x06,0x04,0x06,0x04,0x06,0x71,0x02,0x75,0x02,0x76,0x02,0x88,0x02,0x8f,0x02,0x97 /* 903a8b .....q.u.v...... */
	.byte 0x02,0x9c,0x02,0xa2,0x02,0xac,0x02,0xf0,0x05,0xf0,0x05,0xf0,0x05,0xf0,0x05,0xf0 /* 903a9b ................ */
	.byte 0x05,0xf0,0x05,0xb1,0x02,0xb6,0x02,0xbc,0x02,0x90,0x02,0x95,0x02,0x99,0x02,0x9d /* 903aab ................ */
	.byte 0x02,0xa1,0x02,0x00,0x00,0x96,0x02,0x9a,0x02,0x9e,0x02,0xa3,0x02,0xa8,0x02,0xad /* 903abb ................ */
	.byte 0x02,0xb5,0x02,0xb9,0x02,0xc0,0x02,0xc5,0x02,0xcc,0x02,0xd0,0x02,0xd7,0x02,0xde /* 903acb ................ */
	.byte 0x02,0xe5,0x02,0xea,0x02,0xf8,0x02,0xfd,0x02,0x03,0x03,0x9d,0x05,0x09,0x03,0x0e /* 903adb ................ */
	.byte 0x03,0x13,0x03,0x1b,0x03,0x20,0x03,0x28,0x03,0x3c,0x03,0x40,0x03,0x45,0x03,0x4c /* 903aeb ..... .(.<.@.E.L */
	.byte 0x03,0x53,0x03,0x57,0x03,0x5b,0x03,0x69,0x03,0x70,0x03,0x7c,0x03,0x90,0x03,0x94 /* 903afb .S.W.[.i.p.|.... */
	.byte 0x03,0x98,0x03,0xa7,0x03,0xba,0x03,0xd0,0x03,0xef,0x03,0x02,0x04,0xef,0x03,0xf3 /* 903b0b ................ */
	.byte 0x03,0xf8,0x03,0xfd,0x03,0x00,0x04,0x03,0x04,0x07,0x04,0x0b,0x04,0x14,0x04,0x00 /* 903b1b ................ */
	.byte 0x00,0x1f,0x04,0x26,0x04,0x2b,0x04,0x31,0x04,0x37,0x04,0x3e,0x04,0x45,0x04,0x4a /* 903b2b ...&.+.1.7.>.E.J */
	.byte 0x04,0x57,0x04,0x5c,0x04,0x5c,0x04,0x68,0x04,0x73,0x04,0x7e,0x04,0x85,0x04,0x90 /* 903b3b .W.\.\.h.s.~.... */
	.byte 0x04,0x97,0x04,0xab,0x04,0xd5,0x04,0xde,0x04,0xe0,0x04,0xe5,0x04,0xeb,0x04,0xf0 /* 903b4b ................ */
	.byte 0x04,0xff,0x04,0x00,0x00,0x06,0x06,0x06,0x00,0x06,0x00,0x00,0x00,0x0e,0x00,0x02 /* 903b5b ................ */
	.byte 0x04,0x06,0x08,0x0a,0x0c,0x00,0x00,0x00,0x00,0x00,0x00,0x00,0x00,0x00,0x00,0x00 /* 903b6b ................ */
	.byte 0x00,0x00,0x00,0x00,0x00,0x00,0x00,0x00,0x00,0x00,0x00,0x00,0x00,0x00,0x00,0x00 /* 903b7b ................ */
	.byte 0x00,0x00,0x00,0x00,0x00,0x00,0x00,0x00,0x00,0x00,0x00,0x00,0x00,0x00,0x00,0x00 /* 903b8b ................ */
	.byte 0x00,0x00,0x00,0x00,0x00,0x00,0x00,0x00,0x00,0x00,0x00,0x00,0x00,0x00,0x00,0x00 /* 903b9b ................ */
	.byte 0x00,0x00,0x00,0x00,0x00,0x00,0x00,0x00,0x00,0x00,0x00,0x00,0x00,0x00,0x00,0x00 /* 903bab ................ */
	.byte 0x00,0x00,0x00,0x00,0x00,0x00,0x00,0x00,0x00,0x00,0x00,0x00,0x00,0x00,0x00,0x00 /* 903bbb ................ */
	.byte 0x00,0x00,0x00,0x00,0x00,0x00,0x00,0x00,0x00,0x00,0x00,0x00,0x00,0x00,0x00,0x00 /* 903bcb ................ */
	.byte 0x00,0x00,0x00,0x00,0x00,0x00,0x00,0x00,0x00,0x00,0x00,0x00,0x00,0x00,0x00,0x00 /* 903bdb ................ */
	.byte 0x00,0x00,0x00,0x00,0x00,0x00,0x00,0x00,0x00,0x00,0x00,0x00,0x00,0x00,0x00,0x00 /* 903beb ................ */
	.byte 0x00,0x00,0x00,0x00,0x00,0x00,0x00,0x00,0x00,0x00,0x00,0x00,0x00,0x00,0x00,0x00 /* 903bfb ................ */
	.byte 0x00,0x00,0x00,0x00,0x00,0x00,0x00,0x00,0x00,0x00,0x00,0x00,0x00,0x00,0x00,0x00 /* 903c0b ................ */
	.byte 0x00,0x00,0x00,0x00,0x00,0x00,0x00,0x00,0x00,0x00,0x00,0x00,0x00,0x00,0x00,0x00 /* 903c1b ................ */
	.byte 0x00,0x00,0x00,0x00,0x00,0x00,0x00,0x00,0x00,0x00,0x00,0x00,0x00,0x00,0x00,0x00 /* 903c2b ................ */
	.byte 0x00,0x00,0x00,0x00,0x00,0x00,0x00,0x00,0x00,0x00,0x00,0x00,0x00,0x00,0x00,0x00 /* 903c3b ................ */
	.byte 0x00,0x00,0x00,0x00,0x00,0x00,0x00,0x00,0x00,0x00,0x00,0x00,0x00,0x00,0x00,0x00 /* 903c4b ................ */
	.byte 0x00,0x00,0x00,0x00,0x00,0x00,0x00,0x00,0x00,0x00,0x00,0x00,0x00,0x00,0x00,0x00 /* 903c5b ................ */
	.byte 0x00,0x00,0x00,0x00,0x00,0x00,0x00,0x00,0x00,0x00,0x00,0x00,0x00,0x00,0x00,0x00 /* 903c6b ................ */
	.byte 0x00,0x00,0x00,0x00,0x00,0x00,0x00,0x00,0x00,0x00,0x00,0x00,0x00,0x00,0x00,0x00 /* 903c7b ................ */
	.byte 0x00,0x00,0x00,0x00,0x00,0x00,0x00,0x00,0x00,0x00,0x00,0x00,0x00,0x00,0x00,0x00 /* 903c8b ................ */
	.byte 0x00,0x00,0x00,0x00,0x00,0x00,0x00,0x00,0x00,0x00,0x00,0x00,0x00,0x00,0x00,0x00 /* 903c9b ................ */
	.byte 0x00,0x00,0x00,0x00,0x00,0x00,0x00,0x00,0x00,0x00,0x00,0x00,0x00,0x00,0x00,0x00 /* 903cab ................ */
	.byte 0x00,0x00,0x00,0x00,0x00,0x00,0x00,0x00,0x00,0x00,0x00,0x00,0x00,0x00,0x00,0x00 /* 903cbb ................ */
	.byte 0x00,0x00,0x00,0x00,0x00,0x00,0x00,0x00,0x00,0x00,0x00,0x00,0x00,0x00,0x00,0x00 /* 903ccb ................ */
	.byte 0x00,0x00,0x00,0x00,0x00,0x00,0x00,0x00,0x00,0x00,0x00,0x00,0x00,0x00,0x00,0x00 /* 903cdb ................ */
	.byte 0x00,0x00,0x00,0x00,0x00,0x00,0x00,0x00,0x00,0x00,0x00,0x00,0x00,0x00,0x00,0x00 /* 903ceb ................ */
	.byte 0x00,0x00,0x00,0x00,0x00,0x00,0x00,0x00,0x00,0x00,0x00,0x00,0x00,0x00,0x00,0x00 /* 903cfb ................ */
	.byte 0x00,0x00,0x00,0x00,0x00,0x00,0x00,0x00,0x00,0x00,0x00,0x00,0x00,0x00,0x00,0x00 /* 903d0b ................ */
	.byte 0x00,0x00,0x00,0x00,0x00,0x00,0x00,0x00,0x00,0x00,0x00,0x00,0x00,0x00,0x00,0x00 /* 903d1b ................ */
	.byte 0x00,0x00,0x00,0x00,0x00,0x00,0x00,0x00,0x00,0x00,0x00,0x00,0x00,0x00,0x00,0x00 /* 903d2b ................ */
	.byte 0x00,0x00,0x00,0x00,0x00,0x00,0x00,0x00,0x00,0x00,0x00,0x00,0x00,0x00,0x00,0x00 /* 903d3b ................ */
	.byte 0x00,0x00,0x00,0x00,0x00,0x00,0x00,0x00,0x00,0x00,0x00,0x00,0x00,0x00,0x00,0x00 /* 903d4b ................ */
	.byte 0x00,0x00,0x00,0x00,0x00,0x00,0x00,0x00,0x00,0x00,0x00,0x00,0x00,0x00,0x00,0x00 /* 903d5b ................ */
	.byte 0x00,0x00,0x00,0x00,0x00,0x00,0x00,0x00,0x00,0x00,0x00,0x00,0x00,0x00,0x00,0x00 /* 903d6b ................ */
	.byte 0x00,0x00,0x00,0x00,0x00,0x00,0x00,0x00,0x00,0x00,0x00,0x00,0x00,0x00,0x00,0x00 /* 903d7b ................ */
	.byte 0x00,0x00,0x00,0x00,0x00,0x00,0x00,0x00,0x00,0x00,0x00,0x00,0x00,0x00,0x00,0x00 /* 903d8b ................ */
	.byte 0x00,0x00,0x00,0x00,0x00,0x00,0x00,0x00,0x00,0x00,0x00,0x00,0x00,0x00,0x00,0x00 /* 903d9b ................ */
	.byte 0x00,0x00,0x00,0x00,0x00,0x00,0x00,0x00,0x00,0x00,0x00,0x00,0x00,0x00,0x00,0x00 /* 903dab ................ */
	.byte 0x00,0x00,0x00,0x00,0x00,0x00,0x00,0x00,0x00,0x00,0x00,0x00,0x00,0x00,0x00,0x00 /* 903dbb ................ */
	.byte 0x00,0x00,0x00,0x00,0x00,0x00,0x00,0x00,0x00,0x00,0x00,0x00,0x00,0x00,0x00,0x00 /* 903dcb ................ */
	.byte 0x00,0x00,0x00,0x00,0x00,0x00,0x00,0x00,0x00,0x00,0x00,0x00,0x00,0x00,0x00,0x00 /* 903ddb ................ */
	.byte 0x00,0x00,0x00,0x00,0x00,0x00,0x00,0x00,0x00,0x00,0x00,0x00,0x00,0x00,0x00,0x00 /* 903deb ................ */
	.byte 0x00,0x00,0x00,0x00,0x00,0x00,0x00,0x00,0x00,0x00,0x00,0x00,0x00,0x00,0x00,0x00 /* 903dfb ................ */
	.byte 0x00,0x00,0x00,0x00,0x00,0x00,0x00,0x00,0x00,0x00,0x00,0x00,0x00,0x00,0x00,0x00 /* 903e0b ................ */
	.byte 0x00,0x00,0x00,0x00,0x00,0x00,0x00,0x00,0x00,0x00,0x00,0x00,0x00,0x00,0x00,0x00 /* 903e1b ................ */
	.byte 0x00,0x00,0x00,0x00,0x00,0x00,0x00,0x00,0x00,0x00,0x00,0x00,0x00,0x00,0x00,0x00 /* 903e2b ................ */
	.byte 0x00,0x00,0x00,0x00,0x00,0x00,0x00,0x00,0x00,0x00,0x00,0x00,0x00,0x00,0x00,0x00 /* 903e3b ................ */
	.byte 0x00,0x00,0x00,0x00,0x00,0x00,0x00,0x00,0x00,0x00,0x00,0x00,0x00,0x00,0x00,0x00 /* 903e4b ................ */
	.byte 0x00,0x00,0x00,0x00,0x00,0x00,0x00,0x00,0x00,0x00,0x00,0x00,0x00,0x00,0x00,0x00 /* 903e5b ................ */
	.byte 0x00,0x00,0x00,0x00,0x00,0x00,0x00,0x00,0x00,0x00,0x00,0x00,0x00,0x00,0x00,0x00 /* 903e6b ................ */
	.byte 0x00,0x00,0x00,0x00,0x00,0x00,0x00,0x00,0x00,0x00,0x00,0x00,0x00,0x00,0x00,0x00 /* 903e7b ................ */
	.byte 0x00,0x00,0x00,0x00,0x00,0x00,0x00,0x00,0x00,0x00,0x00,0x00,0x00,0x00,0x00,0x00 /* 903e8b ................ */
	.byte 0x00,0x00,0x00,0x00,0x00,0x00,0x00,0x00,0x00,0x00,0x00,0x00,0x00,0x00,0x00,0x00 /* 903e9b ................ */
	.byte 0x00,0x00,0x00,0x00,0x00,0x00,0x00,0x00,0x00,0x00,0x00,0x00,0x00,0x00,0x00,0x00 /* 903eab ................ */
	.byte 0x00,0x00,0x00,0x00,0x00,0x00,0x00,0x00,0x00,0x00,0x00,0x00,0x00,0x00,0x00,0x00 /* 903ebb ................ */
	.byte 0x00,0x00,0x00,0x00,0x00,0x00,0x00,0x00,0x00,0x00,0x00,0x00,0x00,0x00,0x00,0x00 /* 903ecb ................ */
	.byte 0x00,0x00,0x00,0x00,0x00,0x00,0x00,0x00,0x00,0x00,0x00,0x00,0x00,0x00,0x00,0x00 /* 903edb ................ */
	.byte 0x00,0x00,0x00,0x00,0x00,0x00,0x00,0x00,0x00,0x00,0x00,0x00,0x00,0x00,0x00,0x00 /* 903eeb ................ */
	.byte 0x00,0x00,0x00,0x00,0x00,0x00,0x00,0x00,0x00,0x00,0x00,0x00,0x00,0x00,0x00,0x00 /* 903efb ................ */
	.byte 0x00,0x00,0x00,0x00,0x00,0x00,0x00,0x00,0x00,0x00,0x00,0x00,0x00,0x00,0x00,0x00 /* 903f0b ................ */
	.byte 0x00,0x00,0x00,0x00,0x00,0x00,0x00,0x00,0x00,0x00,0x00,0x00,0x00,0x00,0x00,0x00 /* 903f1b ................ */
	.byte 0x00,0x00,0x00,0x00,0x00,0x00,0x00,0x00,0x00,0x00,0x00,0x00,0x00,0x00,0x00,0x00 /* 903f2b ................ */
	.byte 0x00,0x00,0x00,0x00,0x00,0x00,0x00,0x00,0x00,0x00,0x00,0x00,0x00,0x00,0x00,0x00 /* 903f3b ................ */
	.byte 0x00,0x00,0x00,0x00,0x00,0x00,0x00,0x00,0x00,0x00,0x00,0x00,0x00,0x00,0x00,0x00 /* 903f4b ................ */
	.byte 0x00,0x00,0x00,0x00,0x00,0x00,0x00,0x00,0x00,0x00,0x00,0x00,0x00,0x00,0x00,0x00 /* 903f5b ................ */
	.byte 0x00,0x00,0x00,0x00,0x00,0x00,0x00,0x00,0x00,0x00,0x00,0x00,0x00,0x00,0x00,0x00 /* 903f6b ................ */
	.byte 0x00,0x00,0x00,0x00,0x00,0x00,0x00,0x00,0x00,0x00,0x00,0x00,0x00,0x00,0x00,0x00 /* 903f7b ................ */
	.byte 0x00,0x00,0x00,0x00,0x00,0x00,0x00,0x00,0x00,0x00,0x00,0x00,0x00,0x00,0x00,0x00 /* 903f8b ................ */
	.byte 0x00,0x00,0x00,0x00,0x00,0x00,0x00,0x00,0x00,0x00,0x00,0x00,0x00,0x00,0x00,0x00 /* 903f9b ................ */
	.byte 0x00,0x00,0x00,0x00,0x00,0x00,0x00,0x00,0x00,0x00,0x00,0x00,0x00,0x00,0x00,0x00 /* 903fab ................ */
	.byte 0x00,0x00,0x00,0x00,0x00,0x00,0x00,0x00,0x00,0x00,0x00,0x00,0x00,0x00,0x00,0x00 /* 903fbb ................ */
	.byte 0x00,0x00,0x00,0x00,0x00,0x00,0x00,0x00,0x00,0x00,0x00,0x00,0x00,0x00,0x00,0x00 /* 903fcb ................ */
	.byte 0x00,0x00,0x00,0x00,0x00,0x00,0x00,0x00,0x00,0x00,0x00,0x00,0x00,0x00,0x00,0x00 /* 903fdb ................ */
	.byte 0x00,0x00,0x00,0x00,0x00,0x00,0x00,0x00,0x00,0x00,0x00,0x00,0x00,0x00,0x00,0x00 /* 903feb ................ */
	.byte 0x00,0x00,0x00,0x00,0x00,0x00,0x00,0x00,0x00,0x00,0x00,0x00,0x00,0x00,0x00,0x00 /* 903ffb ................ */
	.byte 0x00,0x00,0x00,0x00,0x00,0x00,0x00,0x00,0x00,0x00,0x00,0x00,0x00,0x00,0x00,0x00 /* 90400b ................ */
	.byte 0x00,0x00,0x00,0x00,0x00,0x00,0x00,0x00,0x00,0x00,0x00,0x00,0x00,0x00,0x00,0x00 /* 90401b ................ */
	.byte 0x00,0x00,0x00,0x00,0x00,0x00,0x00,0x00,0x00,0x00,0x00,0x00,0x00,0x00,0x00,0x00 /* 90402b ................ */
	.byte 0x00,0x00,0x00,0x00,0x00,0x00,0x00,0x00,0x00,0x00,0x00,0x00,0x00,0x00,0x00,0x00 /* 90403b ................ */
	.byte 0x00,0x00,0x00,0x00,0x00,0x00,0x00,0x00,0x00,0x00,0x00,0x00,0x00,0x00,0x00,0x00 /* 90404b ................ */
	.byte 0x00,0x00,0x00,0x00,0x00,0x00,0x00,0x00,0x00,0x00,0x00,0x00,0x00,0x00,0x00,0x00 /* 90405b ................ */
	.byte 0x00,0x00,0x00,0x00,0x00,0x00,0x00,0x00,0x00,0x00,0x00,0x00,0x00,0x00,0x00,0x00 /* 90406b ................ */
	.byte 0x00,0x00,0x00,0x00,0x00,0x00,0x00,0x00,0x00,0x00,0x00,0x00,0x00,0x00,0x00,0x00 /* 90407b ................ */
	.byte 0x00,0x00,0x00,0x00,0x00,0x00,0x00,0x00,0x00,0x00,0x00,0x00,0x00,0x00,0x00,0x00 /* 90408b ................ */
	.byte 0x00,0x00,0x00,0x00,0x00,0x00,0x00,0x00,0x00,0x00,0x00,0x00,0x00,0x00,0x00,0x00 /* 90409b ................ */
	.byte 0x00,0x00,0x00,0x00,0x00,0x00,0x00,0x00,0x00,0x00,0x00,0x00,0x00,0x00,0x00,0x00 /* 9040ab ................ */
	.byte 0x00,0x00,0x00,0x00,0x00,0x00,0x00,0x00,0x00,0x00,0x00,0x00,0x00,0x00,0x00,0x00 /* 9040bb ................ */
	.byte 0x00,0x00,0x00,0x00,0x00,0x00,0x00,0x00,0x00,0x00,0x00,0x00,0x00,0x00,0x00,0x00 /* 9040cb ................ */
	.byte 0x00,0x00,0x00,0x00,0x00,0x00,0x00,0x00,0x00,0x00,0x00,0x00,0x00,0x00,0x00,0x00 /* 9040db ................ */
	.byte 0x00,0x00,0x00,0x00,0x00,0x00,0x00,0x00,0x00,0x00,0x00,0x00,0x00,0x00,0x00,0x00 /* 9040eb ................ */
	.byte 0x00,0x00,0x00,0x00,0x00,0x00,0x00,0x00,0x00,0x00,0x00,0x00,0x00,0x00,0x00,0x00 /* 9040fb ................ */
	.byte 0x00,0x00,0x00,0x00,0x00,0x00,0x00,0x00,0x00,0x00,0x00,0x00,0x00,0x00,0x00,0x00 /* 90410b ................ */
	.byte 0x00,0x00,0x00,0x00,0x00,0x00,0x00,0x00,0x00,0x00,0x00,0x00,0x00,0x00,0x00,0x00 /* 90411b ................ */
	.byte 0x00,0x00,0x00,0x00,0x00,0x00,0x00,0x00,0x00,0x00,0x00,0x00,0x00,0x00,0x00,0x00 /* 90412b ................ */
	.byte 0x00,0x00,0x00,0x00,0x00,0x00,0x00,0x00,0x00,0x00,0x00,0x00,0x00,0x00,0x00,0x00 /* 90413b ................ */
	.byte 0x00,0x00,0x00,0x00,0x00,0x00,0x00,0x00,0x00,0x00,0x00,0x00,0x00,0x00,0x00,0x00 /* 90414b ................ */
	.byte 0x00,0x00,0x00,0x00,0x00,0x00,0x00,0x00,0x00,0x00,0x00,0x00,0x00,0x00,0x00,0x00 /* 90415b ................ */
	.byte 0x00,0x00,0x00,0x00,0x00,0x00,0x00,0x00,0x00,0x00,0x00,0x00,0x00,0x00,0x00,0x00 /* 90416b ................ */
	.byte 0x00,0x00,0x00,0x00,0x00,0x00,0x00,0x00,0x00,0x00,0x00,0x00,0x00,0x00,0x00,0x00 /* 90417b ................ */
	.byte 0x00,0x00,0x00,0x00,0x00,0x00,0x00,0x00,0x00,0x00,0x00,0x00,0x00,0x00,0x00,0x00 /* 90418b ................ */
	.byte 0x00,0x00,0x00,0x00,0x00,0x00,0x00,0x00,0x00,0x00,0x00,0x00,0x00,0x00,0x00,0x00 /* 90419b ................ */
	.byte 0x00,0x00,0x00,0x00,0x00,0x00,0x00,0x00,0x00,0x00,0x00,0x00,0x00,0x00,0x00,0x00 /* 9041ab ................ */
	.byte 0x00,0x00,0x00,0x00,0x00,0x00,0x00,0x00,0x00,0x00,0x00,0x00,0x00,0x00,0x00,0x00 /* 9041bb ................ */
	.byte 0x00,0x00,0x00,0x00,0x00,0x00,0x00,0x00,0x00,0x00,0x00,0x00,0x00,0x00,0x00,0x00 /* 9041cb ................ */
	.byte 0x00,0x00,0x00,0x00,0x00,0x00,0x00,0x00,0x00,0x00,0x00,0x00,0x00,0x00,0x00,0x00 /* 9041db ................ */
	.byte 0x00,0x00,0x00,0x00,0x00,0x00,0x00,0x00,0x00,0x00,0x00,0x00,0x00,0x00,0x00,0x00 /* 9041eb ................ */
	.byte 0x00,0x00,0x00,0x00,0x00,0x00,0x00,0x00,0x00,0x00,0x00,0x00,0x00,0x00,0x00,0x00 /* 9041fb ................ */
	.byte 0x00,0x00,0x00,0x00,0x00,0x00,0x00,0x00,0x00,0x00,0x00,0x00,0x00,0x00,0x00,0x00 /* 90420b ................ */
	.byte 0x00,0x00,0x00,0x00,0x00,0x00,0x00,0x00,0x00,0x00,0x00,0x00,0x00,0x00,0x00,0x00 /* 90421b ................ */
	.byte 0x00,0x00,0x00,0x00,0x00,0x00,0x00,0x00,0x00,0x00,0x00,0x00,0x00,0x00,0x00,0x00 /* 90422b ................ */
	.byte 0x00,0x00,0x00,0x00,0x00,0x00,0x00,0x00,0x00,0x00,0x00,0x00,0x00,0x00,0x00,0x00 /* 90423b ................ */
	.byte 0x00,0x00,0x00,0x00,0x00,0x00,0x00,0x00,0x00,0x00,0x00,0x00,0x00,0x00,0x00,0x00 /* 90424b ................ */
	.byte 0x00,0x00,0x00,0x00,0x00,0x00,0x00,0x00,0x00,0x00,0x00,0x00,0x00,0x00,0x00,0x00 /* 90425b ................ */
	.byte 0x00,0x00,0x00,0x00,0x00,0x00,0x00,0x00,0x00,0x00,0x00,0x00,0x00,0x00,0x00,0x00 /* 90426b ................ */
	.byte 0x00,0x00,0x00,0x00,0x00,0x00,0x00,0x00,0x00,0x00,0x00,0x00,0x00,0x00,0x00,0x00 /* 90427b ................ */
	.byte 0x00,0x00,0x00,0x00,0x00,0x00,0x00,0x00,0x00,0x00,0x00,0x00,0x00,0x00,0x00,0x00 /* 90428b ................ */
	.byte 0x00,0x00,0x00,0x00,0x00,0x00,0x00,0x00,0x00,0x00,0x00,0x00,0x00,0x00,0x00,0x00 /* 90429b ................ */
	.byte 0x00,0x00,0x00,0x00,0x00,0x00,0x00,0x00,0x00,0x00,0x00,0x00,0x00,0x00,0x00,0x00 /* 9042ab ................ */
	.byte 0x00,0x00,0x00,0x00,0x00,0x00,0x00,0x00,0x00,0x00,0x00,0x00,0x00,0x00,0x00,0x00 /* 9042bb ................ */
	.byte 0x00,0x00,0x00,0x00,0x00,0x00,0x00,0x00,0x00,0x00,0x00,0x00,0x00,0x00,0x00,0x00 /* 9042cb ................ */
	.byte 0x00,0x00,0x00,0x00,0x00,0x00,0x00,0x00,0x00,0x00,0x00,0x00,0x00,0x00,0x00,0x00 /* 9042db ................ */
	.byte 0x00,0x00,0x00,0x00,0x00,0x00,0x00,0x00,0x00,0x00,0x00,0x00,0x00,0x00,0x00,0x00 /* 9042eb ................ */
	.byte 0x00,0x00,0x00,0x00,0x00,0x00,0x00,0x00,0x00,0x00,0x00,0x00,0x00,0x00,0x00,0x00 /* 9042fb ................ */
	.byte 0x00,0x00,0x00,0x00,0x00,0x00,0x00,0x00,0x00,0x00,0x00,0x00,0x00,0x00,0x00,0x00 /* 90430b ................ */
	.byte 0x00,0x00,0x00,0x00,0x00,0x00,0x00,0x00,0x00,0x00,0x00,0x00,0x00,0x00,0x00,0x00 /* 90431b ................ */
	.byte 0x00,0x00,0x00,0x00,0x00,0x00,0x00,0x00,0x00,0x00,0x00,0x00,0x00,0x00,0x00,0x00 /* 90432b ................ */
	.byte 0x00,0x00,0x00,0x00,0x00,0x00,0x00,0x00,0x00,0x00,0x00,0x00,0x00,0x00,0x00,0x00 /* 90433b ................ */
	.byte 0x00,0x00,0x00,0x00,0x00,0x00,0x00,0x00,0x00,0x00,0x00,0x00,0x00,0x00,0x00,0x00 /* 90434b ................ */
	.byte 0x00,0x00,0x00,0x00,0x00,0x00,0x00,0x00,0x00,0x00,0x00,0x00,0x00,0x00,0x00,0x00 /* 90435b ................ */
	.byte 0x00,0x00,0x00,0x00,0x00,0x00,0x00,0x00,0x00,0x00,0x00,0x00,0x00,0x00,0x00,0x00 /* 90436b ................ */
	.byte 0x00,0x00,0x00,0x00,0x00,0x00,0x00,0x00,0x00,0x00,0x00,0x00,0x00,0x00,0x00,0x00 /* 90437b ................ */
	.byte 0x00,0x00,0x00,0x00,0x00,0x00,0x00,0x00,0x00,0x00,0x00,0x00,0x00,0x00,0x00,0x00 /* 90438b ................ */
	.byte 0x00,0x00,0x00,0x00,0x00,0x00,0x00,0x00,0x00,0x00,0x00,0x00,0x00,0x00,0x00,0x00 /* 90439b ................ */
	.byte 0x00,0x00,0x00,0x00,0x00,0x00,0x00,0x00,0x00,0x00,0x00,0x00,0x00,0x00,0x00,0x00 /* 9043ab ................ */
	.byte 0x00,0x00,0x00,0x00,0x00,0x00,0x00,0x00,0x00,0x00,0x00,0x00,0x00,0x00,0x00,0x00 /* 9043bb ................ */
	.byte 0x00,0x00,0x00,0x00,0x00,0x00,0x00,0x00,0x00,0x00,0x00,0x00,0x00,0x00,0x00,0x00 /* 9043cb ................ */
	.byte 0x00,0x00,0x00,0x00,0x00,0x00,0x00,0x00,0x00,0x00,0x00,0x00,0x00,0x00,0x00,0x00 /* 9043db ................ */
	.byte 0x00,0x00,0x00,0x00,0x00,0x00,0x00,0x00,0x00,0x00,0x00,0x00,0x00,0x00,0x00,0x00 /* 9043eb ................ */
	.byte 0x00,0x00,0x00,0x00,0x00,0x00,0x00,0x00,0x00,0x00,0x00,0x00,0x00,0x00,0x00,0x00 /* 9043fb ................ */
	.byte 0x00,0x00,0x00,0x00,0x00,0x00,0x00,0x00,0x00,0x00,0x00,0x00,0x00,0x00,0x00,0x00 /* 90440b ................ */
	.byte 0x00,0x00,0x00,0x00,0x00,0x00,0x00,0x00,0x00,0x00,0x00,0x00,0x00,0x00,0x00,0x00 /* 90441b ................ */
	.byte 0x00,0x00,0x00,0x00,0x00,0x00,0x00,0x00,0x00,0x00,0x00,0x00,0x00,0x00,0x00,0x00 /* 90442b ................ */
	.byte 0x00,0x00,0x00,0x00,0x00,0x00,0x00,0x00,0x00,0x00,0x00,0x00,0x00,0x00,0x00,0x00 /* 90443b ................ */
	.byte 0x00,0x00,0x00,0x00,0x00,0x00,0x00,0x00,0x00,0x00,0x00,0x00,0x00,0x00,0x00,0x00 /* 90444b ................ */
	.byte 0x00,0x00,0x00,0x00,0x00,0x00,0x00,0x00,0x00,0x00,0x00,0x00,0x00,0x00,0x00,0x00 /* 90445b ................ */
	.byte 0x00,0x00,0x00,0x00,0x00,0x00,0x00,0x00,0x00,0x00,0x00,0x00,0x00,0x00,0x00,0x00 /* 90446b ................ */
	.byte 0x00,0x00,0x00,0x00,0x00,0x00,0x00,0x00,0x00,0x00,0x00,0x00,0x00,0x00,0x00,0x00 /* 90447b ................ */
	.byte 0x00,0x00,0x00,0x00,0x00,0x00,0x00,0x00,0x00,0x00,0x00,0x00,0x00,0x00,0x00,0x00 /* 90448b ................ */
	.byte 0x00,0x00,0x00,0x00,0x00,0x00,0x00,0x00,0x00,0x00,0x00,0x00,0x00,0x00,0x00,0x00 /* 90449b ................ */
	.byte 0x00,0x00,0x00,0x00,0x00,0x00,0x00,0x00,0x00,0x00,0x00,0x00,0x00,0x00,0x00,0x00 /* 9044ab ................ */
	.byte 0x00,0x00,0x00,0x00,0x00,0x00,0x00,0x00,0x00,0x00,0x00,0x00,0x00,0x00,0x00,0x00 /* 9044bb ................ */
	.byte 0x00,0x00,0x00,0x00,0x00,0x00,0x00,0x00,0x00,0x00,0x00,0x00,0x00,0x00,0x00,0x00 /* 9044cb ................ */
	.byte 0x00,0x00,0x00,0x00,0x00,0x00,0x00,0x00,0x00,0x00,0x00,0x00,0x00,0x00,0x00,0x00 /* 9044db ................ */
	.byte 0x00,0x00,0x00,0x00,0x00,0x00,0x00,0x00,0x00,0x00,0x00,0x00,0x00,0x00,0x00,0x00 /* 9044eb ................ */
	.byte 0x00,0x00,0x00,0x00,0x00,0x00,0x00,0x00,0x00,0x00,0x00,0x00,0x00,0x00,0x00,0x00 /* 9044fb ................ */
	.byte 0x00,0x00,0x00,0x00,0x00,0x00,0x00,0x00,0x00,0x00,0x00,0x00,0x00,0x00,0x00,0x00 /* 90450b ................ */
	.byte 0x00,0x00,0x00,0x00,0x00,0x00,0x00,0x00,0x00,0x00,0x00,0x00,0x00,0x00,0x00,0x00 /* 90451b ................ */
	.byte 0x00,0x00,0x00,0x00,0x00,0x00,0x00,0x00,0x00,0x00,0x00,0x00,0x00,0x00,0x00,0x00 /* 90452b ................ */
	.byte 0x00,0x00,0x00,0x00,0x00,0x00,0x00,0x00,0x00,0x00,0x00,0x00,0x00,0x00,0x00,0x00 /* 90453b ................ */
	.byte 0x00,0x00,0x00,0x00,0x00,0x00,0x00,0x00,0x00,0x00,0x00,0x00,0x00,0x00,0x00,0x00 /* 90454b ................ */
	.byte 0x00,0x00,0x00,0x00,0x00,0x00,0x00,0x00,0x00,0x00,0x00,0x00,0x00,0x00,0x00,0x00 /* 90455b ................ */
	.byte 0x00,0x00,0x00,0x00,0x00,0x00,0x00,0x00,0x00,0x00,0x00,0x00,0x00,0x00,0x00,0x00 /* 90456b ................ */
	.byte 0x00,0x00,0x00,0x00,0x00,0x00,0x00,0x00,0x00,0x00,0x00,0x00,0x00,0x00,0x00,0x00 /* 90457b ................ */
	.byte 0x00,0x00,0x00,0x00,0x00,0x00,0x00,0x00,0x00,0x00,0x00,0x00,0x00,0x00,0x00,0x00 /* 90458b ................ */
	.byte 0x00,0x00,0x00,0x00,0x00,0x00,0x00,0x00,0x00,0x00,0x00,0x00,0x00,0x00,0x00,0x00 /* 90459b ................ */
	.byte 0x00,0x00,0x00,0x00,0x00,0x00,0x00,0x00,0x00,0x00,0x00,0x00,0x00,0x00,0x00,0x00 /* 9045ab ................ */
	.byte 0x00,0x00,0x00,0x00,0x00,0x00,0x00,0x00,0x00,0x00,0x00,0x00,0x00,0x00,0x00,0x00 /* 9045bb ................ */
	.byte 0x00,0x00,0x00,0x00,0x00,0x00,0x00,0x00,0x00,0x00,0x00,0x00,0x00,0x00,0x00,0x00 /* 9045cb ................ */
	.byte 0x00,0x00,0x00,0x00,0x00,0x00,0x00,0x00,0x00,0x00,0x00,0x00,0x00,0x00,0x00,0x00 /* 9045db ................ */
	.byte 0x00,0x00,0x00,0x00,0x00,0x00,0x00,0x00,0x00,0x00,0x00,0x00,0x00,0x00,0x00,0x00 /* 9045eb ................ */
	.byte 0x00,0x00,0x00,0x00,0x00,0x00,0x00,0x00,0x00,0x00,0x00,0x00,0x00,0x00,0x00,0x00 /* 9045fb ................ */
	.byte 0x00,0x00,0x00,0x00,0x00,0x00,0x00,0x00,0x00,0x00,0x00,0x00,0x00,0x00,0x00,0x00 /* 90460b ................ */
	.byte 0x00,0x00,0x00,0x00,0x00,0x00,0x00,0x00,0x00,0x00,0x00,0x00,0x00,0x00,0x00,0x00 /* 90461b ................ */
	.byte 0x00,0x00,0x00,0x00,0x00,0x00,0x00,0x00,0x00,0x00,0x00,0x00,0x00,0x00,0x00,0x00 /* 90462b ................ */
	.byte 0x00,0x00,0x00,0x00,0x00,0x00,0x00,0x00,0x00,0x00,0x00,0x00,0x00,0x00,0x00,0x00 /* 90463b ................ */
	.byte 0x00,0x00,0x00,0x00,0x00,0x00,0x00,0x00,0x00,0x00,0x00,0x00,0x00,0x00,0x00,0x00 /* 90464b ................ */
	.byte 0x00,0x00,0x00,0x00,0x00,0x00,0x00,0x00,0x00,0x00,0x00,0x00,0x00,0x00,0x00,0x00 /* 90465b ................ */
	.byte 0x00,0x00,0x00,0x00,0x00,0x00,0x00,0x00,0x00,0x00,0x00,0x00,0x00,0x00,0x00,0x00 /* 90466b ................ */
	.byte 0x00,0x00,0x00,0x00,0x00,0x00,0x00,0x00,0x00,0x00,0x00,0x00,0x00,0x00,0x00,0x00 /* 90467b ................ */
	.byte 0x00,0x00,0x00,0x00,0x00,0x00,0x00,0x00,0x00,0x00,0x00,0x00,0x00,0x00,0x00,0x00 /* 90468b ................ */
	.byte 0x00,0x00,0x00,0x00,0x00,0x00,0x00,0x00,0x00,0x00,0x00,0x00,0x00,0x00,0x00,0x00 /* 90469b ................ */
	.byte 0x00,0x00,0x00,0x00,0x00,0x00,0x00,0x00,0x00,0x00,0x00,0x00,0x00,0x00,0x00,0x00 /* 9046ab ................ */
	.byte 0x00,0x00,0x00,0x00,0x00,0x00,0x00,0x00,0x00,0x00,0x00,0x00,0x00,0x00,0x00,0x00 /* 9046bb ................ */
	.byte 0x00,0x00,0x00,0x00,0x00,0x00,0x00,0x00,0x00,0x00,0x00,0x00,0x00,0x00,0x00,0x00 /* 9046cb ................ */
	.byte 0x00,0x00,0x00,0x00,0x00,0x00,0x00,0x00,0x00,0x00,0x00,0x00,0x00,0x00,0x00,0x00 /* 9046db ................ */
	.byte 0x00,0x00,0x00,0x00,0x00,0x00,0x00,0x00,0x00,0x00,0x00,0x00,0x00,0x00,0x00,0x00 /* 9046eb ................ */
	.byte 0x00,0x00,0x00,0x00,0x00,0x00,0x00,0x00,0x00,0x00,0x00,0x00,0x00,0x00,0x00,0x00 /* 9046fb ................ */
	.byte 0x00,0x00,0x00,0x00,0x00,0x00,0x00,0x00,0x00,0x00,0x00,0x00,0x00,0x00,0x00,0x00 /* 90470b ................ */
	.byte 0x00,0x00,0x00,0x00,0x00,0x00,0x00,0x00,0x00,0x00,0x00,0x00,0x00,0x00,0x00,0x00 /* 90471b ................ */
	.byte 0x00,0x00,0x00,0x00,0x00,0x00,0x00,0x00,0x00,0x00,0x00,0x00,0x00,0x00,0x00,0x00 /* 90472b ................ */
	.byte 0x00,0x00,0x00,0x00,0x00,0x00,0x00,0x00,0x00,0x00,0x00,0x00,0x00,0x00,0x00,0x00 /* 90473b ................ */
	.byte 0x00,0x00,0x00,0x00,0x00,0x00,0x00,0x00,0x00,0x00,0x00,0x00,0x00,0x00,0x00,0x00 /* 90474b ................ */
	.byte 0x00,0x00,0x00,0x00,0x00,0x00,0x00,0x00,0x00,0x00,0x00,0x00,0x00,0x00,0x00,0x00 /* 90475b ................ */
	.byte 0x00,0x00,0x00,0x00,0x00,0x00,0x00,0x00,0x00,0x00,0x00,0x00,0x00,0x00,0x00,0x00 /* 90476b ................ */
	.byte 0x00,0x00,0x00,0x00,0x00,0x00,0x00,0x00,0x00,0x00,0x00,0x00,0x00,0x00,0x00,0x00 /* 90477b ................ */
	.byte 0x00,0x00,0x00,0x00,0x00,0x00,0x00,0x00,0x00,0x00,0x00,0x00,0x00,0x00,0x00,0x00 /* 90478b ................ */
	.byte 0x00,0x00,0x00,0x00,0x00,0x00,0x00,0x00,0x00,0x00,0x00,0x00,0x00,0x00,0x00,0x00 /* 90479b ................ */
	.byte 0x00,0x00,0x00,0x00,0x00,0x00,0x00,0x00,0x00,0x00,0x00,0x00,0x00,0x00,0x00,0x00 /* 9047ab ................ */
	.byte 0x00,0x00,0x00,0x00,0x00,0x00,0x00,0x00,0x00,0x00,0x00,0x00,0x00,0x00,0x00,0x00 /* 9047bb ................ */
	.byte 0x00,0x00,0x00,0x00,0x00,0x00,0x00,0x00,0x00,0x00,0x00,0x00,0x00,0x00,0x00,0x00 /* 9047cb ................ */
	.byte 0x00,0x00,0x00,0x00,0x00,0x00,0x00,0x00,0x00,0x00,0x00,0x00,0x00,0x00,0x00,0x00 /* 9047db ................ */
	.byte 0x00,0x00,0x00,0x00,0x00,0x00,0x00,0x00,0x00,0x00,0x00,0x00,0x00,0x00,0x00,0x00 /* 9047eb ................ */
	.byte 0x00,0x00,0x00,0x00,0x00,0x00,0x00,0x00,0x00,0x00,0x00,0x00,0x00,0x00,0x00,0x00 /* 9047fb ................ */
	.byte 0x00,0x00,0x00,0x00,0x00,0x00,0x00,0x00,0x00,0x00,0x00,0x00,0x00,0x00,0x00,0x00 /* 90480b ................ */
	.byte 0x00,0x00,0x00,0x00,0x00,0x00,0x00,0x00,0x00,0x00,0x00,0x00,0x00,0x00,0x00,0x00 /* 90481b ................ */
	.byte 0x00,0x00,0x00,0x00,0x00,0x00,0x00,0x00,0x00,0x00,0x00,0x00,0x00,0x00,0x00,0x00 /* 90482b ................ */
	.byte 0x00,0x00,0x00,0x00,0x00,0x00,0x00,0x00,0x00,0x00,0x00,0x00,0x00,0x00,0x00,0x00 /* 90483b ................ */
	.byte 0x00,0x00,0x00,0x00,0x00,0x00,0x00,0x00,0x00,0x00,0x00,0x00,0x00,0x00,0x00,0x00 /* 90484b ................ */
	.byte 0x00,0x00,0x00,0x00,0x00,0x00,0x00,0x00,0x00,0x00,0x00,0x00,0x00,0x00,0x00,0x00 /* 90485b ................ */
	.byte 0x00,0x00,0x00,0x00,0x00,0x00,0x00,0x00,0x00,0x00,0x00,0x00,0x00,0x00,0x00,0x00 /* 90486b ................ */
	.byte 0x00,0x00,0x00,0x00,0x00,0x00,0x00,0x00,0x00,0x00,0x00,0x00,0x00,0x00,0x00,0x00 /* 90487b ................ */
	.byte 0x00,0x00,0x00,0x00,0x00,0x00,0x00,0x00,0x00,0x00,0x00,0x00,0x00,0x00,0x00,0x00 /* 90488b ................ */
	.byte 0x00,0x00,0x00,0x00,0x00,0x00,0x00,0x00,0x00,0x00,0x00,0x00,0x00,0x00,0x00,0x00 /* 90489b ................ */
	.byte 0x00,0x00,0x00,0x00,0x00,0x00,0x00,0x00,0x00,0x00,0x00,0x00,0x00,0x00,0x00,0x00 /* 9048ab ................ */
	.byte 0x00,0x00,0x00,0x00,0x00,0x00,0x00,0x00,0x00,0x00,0x00,0x00,0x00,0x00,0x00,0x00 /* 9048bb ................ */
	.byte 0x00,0x00,0x00,0x00,0x00,0x00,0x00,0x00,0x00,0x00,0x00,0x00,0x00,0x00,0x00,0x00 /* 9048cb ................ */
	.byte 0x00,0x00,0x00,0x00,0x00,0x00,0x00,0x00,0x00,0x00,0x00,0x00,0x00,0x00,0x00,0x00 /* 9048db ................ */
	.byte 0x00,0x00,0x00,0x00,0x00,0x00,0x00,0x00,0x00,0x00,0x00,0x00,0x00,0x00,0x00,0x00 /* 9048eb ................ */
	.byte 0x00,0x00,0x00,0x00,0x00,0x00,0x00,0x00,0x00,0x00,0x00,0x00,0x00,0x00,0x00,0x00 /* 9048fb ................ */
	.byte 0x00,0x00,0x00,0x00,0x00,0x00,0x00,0x00,0x00,0x00,0x00,0x00,0x00,0x00,0x00,0x00 /* 90490b ................ */
	.byte 0x00,0x00,0x00,0x00,0x00,0x00,0x00,0x00,0x00,0x00,0x00,0x00,0x00,0x00,0x00,0x00 /* 90491b ................ */
	.byte 0x00,0x00,0x00,0x00,0x00,0x00,0x00,0x00,0x00,0x00,0x00,0x00,0x00,0x00,0x00,0x00 /* 90492b ................ */
	.byte 0x00,0x00,0x00,0x00,0x00,0x00,0x00,0x00,0x00,0x00,0x00,0x00,0x00,0x00,0x00,0x00 /* 90493b ................ */
	.byte 0x00,0x00,0x00,0x00,0x00,0x00,0x00,0x00,0x00,0x00,0x00,0x00,0x00,0x00,0x00,0x00 /* 90494b ................ */
	.byte 0x00,0x00,0x00,0x00,0x00,0x00,0x00,0x00,0x00,0x00,0x00,0x00,0x00,0x00,0x00,0x00 /* 90495b ................ */
	.byte 0x00,0x00,0x00,0x00,0x00,0x00,0x00,0x00,0x00,0x00,0x00,0x00,0x00,0x00,0x00,0x00 /* 90496b ................ */
	.byte 0x00,0x00,0x00,0x00,0x00,0x00,0x00,0x00,0x00,0x00,0x00,0x00,0x00,0x00,0x00,0x00 /* 90497b ................ */
	.byte 0x00,0x00,0x00,0x00,0x00,0x00,0x00,0x00,0x00,0x00,0x00,0x00,0x00,0x00,0x00,0x00 /* 90498b ................ */
	.byte 0x00,0x00,0x00,0x00,0x00,0x00,0x00,0x00,0x00,0x00,0x00,0x00,0x00,0x00,0x00,0x00 /* 90499b ................ */
	.byte 0x00,0x00,0x00,0x00,0x00,0x00,0x00,0x00,0x00,0x00,0x00,0x00,0x00,0x00,0x00,0x00 /* 9049ab ................ */
	.byte 0x00,0x00,0x00,0x00,0x00,0x00,0x00,0x00,0x00,0x00,0x00,0x00,0x00,0x00,0x00,0x00 /* 9049bb ................ */
	.byte 0x00,0x00,0x00,0x00,0x00,0x00,0x00,0x00,0x00,0x00,0x00,0x00,0x00,0x00,0x00,0x00 /* 9049cb ................ */
	.byte 0x00,0x00,0x00,0x00,0x00,0x00,0x00,0x00,0x00,0x00,0x00,0x00,0x00,0x00,0x00,0x00 /* 9049db ................ */
	.byte 0x00,0x00,0x00,0x00,0x00,0x00,0x00,0x00,0x00,0x00,0x00,0x00,0x00,0x00,0x00,0x00 /* 9049eb ................ */
	.byte 0x00,0x00,0x00,0x00,0x00,0x00,0x00,0x00,0x00,0x00,0x00,0x00,0x00,0x00,0x00,0x00 /* 9049fb ................ */
	.byte 0x00,0x00,0x00,0x00,0x00,0x00,0x00,0x00,0x00,0x00,0x00,0x00,0x00,0x00,0x00,0x00 /* 904a0b ................ */
	.byte 0x00,0x00,0x00,0x00,0x00,0x00,0x00,0x00,0x00,0x00,0x00,0x00,0x00,0x00,0x00,0x00 /* 904a1b ................ */
	.byte 0x00,0x00,0x00,0x00,0x00,0x00,0x00,0x00,0x00,0x00,0x00,0x00,0x00,0x00,0x00,0x00 /* 904a2b ................ */
	.byte 0x00,0x00,0x00,0x00,0x00,0x00,0x00,0x00,0x00,0x00,0x00,0x00,0x00,0x00,0x00,0x00 /* 904a3b ................ */
	.byte 0x00,0x00,0x00,0x00,0x00,0x00,0x00,0x00,0x00,0x00,0x00,0x00,0x00,0x00,0x00,0x00 /* 904a4b ................ */
	.byte 0x00,0x00,0x00,0x00,0x00,0x00,0x00,0x00,0x00,0x00,0x00,0x00,0x00,0x00,0x00,0x00 /* 904a5b ................ */
	.byte 0x00,0x00,0x00,0x00,0x00,0x00,0x00,0x00,0x00,0x00,0x00,0x00,0x00,0x00,0x00,0x00 /* 904a6b ................ */
	.byte 0x00,0x00,0x00,0x00,0x00,0x00,0x00,0x00,0x00,0x00,0x00,0x00,0x00,0x00,0x00,0x00 /* 904a7b ................ */
	.byte 0x00,0x00,0x00,0x00,0x00,0x00,0x00,0x00,0x00,0x00,0x00,0x00,0x00,0x00,0x00,0x00 /* 904a8b ................ */
	.byte 0x00,0x00,0x00,0x00,0x00,0x00,0x00,0x00,0x00,0x00,0x00,0x00,0x00,0x00,0x00,0x00 /* 904a9b ................ */
	.byte 0x00,0x00,0x00,0x00,0x00,0x00,0x00,0x00,0x00,0x00,0x00,0x00,0x00,0x00,0x00,0x00 /* 904aab ................ */
	.byte 0x00,0x00,0x00,0x00,0x00,0x00,0x00,0x00,0x00,0x00,0x00,0x00,0x00,0x00,0x00,0x00 /* 904abb ................ */
	.byte 0x00,0x00,0x00,0x00,0x00,0x00,0x00,0x00,0x00,0x00,0x00,0x00,0x00,0x00,0x00,0x00 /* 904acb ................ */
	.byte 0x00,0x00,0x00,0x00,0x00,0x00,0x00,0x00,0x00,0x00,0x00,0x00,0x00,0x00,0x00,0x00 /* 904adb ................ */
	.byte 0x00,0x00,0x00,0x00,0x00,0x00,0x00,0x00,0x00,0x00,0x00,0x00,0x00,0x00,0x00,0x00 /* 904aeb ................ */
	.byte 0x00,0x00,0x00,0x00,0x00,0x00,0x00,0x00,0x00,0x00,0x00,0x00,0x00,0x00,0x00,0x00 /* 904afb ................ */
	.byte 0x00,0x00,0x00,0x00,0x00,0x00,0x00,0x00,0x00,0x00,0x00,0x00,0x00,0x00,0x00,0x00 /* 904b0b ................ */
	.byte 0x00,0x00,0x00,0x00,0x00,0x00,0x00,0x00,0x00,0x00,0x00,0x00,0x00,0x00,0x00,0x00 /* 904b1b ................ */
	.byte 0x00,0x00,0x00,0x00,0x00,0x00,0x00,0x00,0x00,0x00,0x00,0x00,0x00,0x00,0x00,0x00 /* 904b2b ................ */
	.byte 0x00,0x00,0x00,0x00,0x00,0x00,0x00,0x00,0x00,0x00,0x00,0x00,0x00,0x00,0x00,0x00 /* 904b3b ................ */
	.byte 0x00,0x00,0x00,0x00,0x00,0x00,0x00,0x00,0x00,0x00,0x00,0x00,0x00,0x00,0x00,0x00 /* 904b4b ................ */
	.byte 0x00,0x00,0x00,0x00,0x00,0x00,0x00,0x00,0x00,0x00,0x00,0x00,0x00,0x00,0x00,0x00 /* 904b5b ................ */
	.byte 0x00,0x00,0x00,0x00,0x00,0x00,0x00,0x00,0x00,0x00,0x00,0x00,0x00,0x00,0x00,0x00 /* 904b6b ................ */
	.byte 0x00,0x00,0x00,0x00,0x00,0x00,0x00,0x00,0x00,0x00,0x00,0x00,0x00,0x00,0x00,0x00 /* 904b7b ................ */
	.byte 0x00,0x00,0x00,0x00,0x00,0x00,0x00,0x00,0x00,0x00,0x00,0x00,0x00,0x00,0x00,0x00 /* 904b8b ................ */
	.byte 0x00,0x00,0x00,0x00,0x00,0x00,0x00,0x00,0x00,0x00,0x00,0x00,0x00,0x00,0x00,0x00 /* 904b9b ................ */
	.byte 0x00,0x00,0x00,0x00,0x00,0x00,0x00,0x00,0x00,0x00,0x00,0x00,0x00,0x00,0x00,0x00 /* 904bab ................ */
	.byte 0x00,0x00,0x00,0x00,0x00,0x00,0x00,0x00,0x00,0x00,0x00,0x00,0x00,0x00,0x00,0x00 /* 904bbb ................ */
	.byte 0x00,0x00,0x00,0x00,0x00,0x00,0x00,0x00,0x00,0x00,0x00,0x00,0x00,0x00,0x00,0x00 /* 904bcb ................ */
	.byte 0x00,0x00,0x00,0x00,0x00,0x00,0x00,0x00,0x00,0x00,0x00,0x00,0x00,0x00,0x00,0x00 /* 904bdb ................ */
	.byte 0x00,0x00,0x00,0x00,0x00,0x00,0x00,0x00,0x00,0x00,0x00,0x00,0x00,0x00,0x00,0x00 /* 904beb ................ */
	.byte 0x00,0x00,0x00,0x00,0x00,0x00,0x00,0x00,0x00,0x00,0x00,0x00,0x00,0x00,0x00,0x00 /* 904bfb ................ */
	.byte 0x00,0x00,0x00,0x00,0x00,0x00,0x00,0x00,0x00,0x00,0x00,0x00,0x00,0x00,0x00,0x00 /* 904c0b ................ */
	.byte 0x00,0x00,0x00,0x00,0x00,0x00,0x00,0x00,0x00,0x00,0x00,0x00,0x00,0x00,0x00,0x00 /* 904c1b ................ */
	.byte 0x00,0x00,0x00,0x00,0x00,0x00,0x00,0x00,0x00,0x00,0x00,0x00,0x00,0x00,0x00,0x00 /* 904c2b ................ */
	.byte 0x00,0x00,0x00,0x00,0x00,0x00,0x00,0x00,0x00,0x00,0x00,0x00,0x00,0x00,0x00,0x00 /* 904c3b ................ */
	.byte 0x00,0x00,0x00,0x00,0x00,0x00,0x00,0x00,0x00,0x00,0x00,0x00,0x00,0x00,0x00,0x00 /* 904c4b ................ */
	.byte 0x00,0x00,0x00,0x00,0x00,0x00,0x00,0x00,0x00,0x00,0x00,0x00,0x00,0x00,0x00,0x00 /* 904c5b ................ */
	.byte 0x00,0x00,0x00,0x00,0x00,0x00,0x00,0x00,0x00,0x00,0x00,0x00,0x00,0x00,0x00,0x00 /* 904c6b ................ */
	.byte 0x00,0x00,0x00,0x00,0x00,0x00,0x00,0x00,0x00,0x00,0x00,0x00,0x00,0x00,0x00,0x00 /* 904c7b ................ */
	.byte 0x00,0x00,0x00,0x00,0x00,0x00,0x00,0x00,0x00,0x00,0x00,0x00,0x00,0x00,0x00,0x00 /* 904c8b ................ */
	.byte 0x00,0x00,0x00,0x00,0x00,0x00,0x00,0x00,0x00,0x00,0x00,0x00,0x00,0x00,0x00,0x00 /* 904c9b ................ */
	.byte 0x00,0x00,0x00,0x00,0x00,0x00,0x00,0x00,0x00,0x00,0x00,0x00,0x00,0x00,0x00,0x00 /* 904cab ................ */
	.byte 0x00,0x00,0x00,0x00,0x00,0x00,0x00,0x00,0x00,0x00,0x00,0x00,0x00,0x00,0x00,0x00 /* 904cbb ................ */
	.byte 0x00,0x00,0x00,0x00,0x00,0x00,0x00,0x00,0x00,0x00,0x00,0x00,0x00,0x00,0x00,0x00 /* 904ccb ................ */
	.byte 0x00,0x00,0x00,0x00,0x00,0x00,0x00,0x00,0x00,0x00,0x00,0x00,0x00,0x00,0x00,0x00 /* 904cdb ................ */
	.byte 0x00,0x00,0x00,0x00,0x00,0x00,0x00,0x00,0x00,0x00,0x00,0x00,0x00,0x00,0x00,0x00 /* 904ceb ................ */
	.byte 0x00,0x00,0x00,0x00,0x00,0x00,0x00,0x00,0x00,0x00,0x00,0x00,0x00,0x00,0x00,0x00 /* 904cfb ................ */
	.byte 0x00,0x00,0x00,0x00,0x00,0x00,0x00,0x00,0x00,0x00,0x00,0x00,0x00,0x00,0x00,0x00 /* 904d0b ................ */
	.byte 0x00,0x00,0x00,0x00,0x00,0x00,0x00,0x00,0x00,0x00,0x00,0x00,0x00,0x00,0x00,0x00 /* 904d1b ................ */
	.byte 0x00,0x00,0x00,0x00,0x00,0x00,0x00,0x00,0x00,0x00,0x00,0x00,0x00,0x00,0x00,0x00 /* 904d2b ................ */
	.byte 0x00,0x00,0x00,0x00,0x00,0x00,0x00,0x00,0x00,0x00,0x00,0x00,0x00,0x00,0x00,0x00 /* 904d3b ................ */
	.byte 0x00,0x00,0x00,0x00,0x00,0x00,0x00,0x00,0x00,0x00,0x00,0x00,0x00,0x00,0x00,0x00 /* 904d4b ................ */
	.byte 0x00,0x00,0x00,0x00,0x00,0x00,0x00,0x00,0x00,0x00,0x00,0x00,0x00,0x00,0x00,0x00 /* 904d5b ................ */
	.byte 0x00,0x00,0x00,0x00,0x00,0x00,0x00,0x00,0x00,0x00,0x00,0x00,0x00,0x00,0x00,0x00 /* 904d6b ................ */
	.byte 0x00,0x00,0x00,0x00,0x00,0x00,0x00,0x00,0x00,0x00,0x00,0x00,0x00,0x00,0x00,0x00 /* 904d7b ................ */
	.byte 0x00,0x00,0x00,0x00,0x00,0x00,0x00,0x00,0x00,0x00,0x00,0x00,0x00,0x00,0x00,0x00 /* 904d8b ................ */
	.byte 0x00,0x00,0x00,0x00,0x00,0x00,0x00,0x00,0x00,0x00,0x00,0x00,0x00,0x00,0x00,0x00 /* 904d9b ................ */
	.byte 0x00,0x00,0x00,0x00,0x00,0x00,0x00,0x00,0x00,0x00,0x00,0x00,0x00,0x00,0x00,0x00 /* 904dab ................ */
	.byte 0x00,0x00,0x00,0x00,0x00,0x00,0x00,0x00,0x00,0x00,0x00,0x00,0x00,0x00,0x00,0x00 /* 904dbb ................ */
	.byte 0x00,0x00,0x00,0x00,0x00,0x00,0x00,0x00,0x00,0x00,0x00,0x00,0x00,0x00,0x00,0x00 /* 904dcb ................ */
	.byte 0x00,0x00,0x00,0x00,0x00,0x00,0x00,0x00,0x00,0x00,0x00,0x00,0x00,0x00,0x00,0x00 /* 904ddb ................ */
	.byte 0x00,0x00,0x00,0x00,0x00,0x00,0x00,0x00,0x00,0x00,0x00,0x00,0x00,0x00,0x00,0x00 /* 904deb ................ */
	.byte 0x00,0x00,0x00,0x00,0x00,0x00,0x00,0x00,0x00,0x00,0x00,0x00,0x00,0x00,0x00,0x00 /* 904dfb ................ */
	.byte 0x00,0x00,0x00,0x00,0x00,0x00,0x00,0x00,0x00,0x00,0x00,0x00,0x00,0x00,0x00,0x00 /* 904e0b ................ */
	.byte 0x00,0x00,0x00,0x00,0x00,0x00,0x00,0x00,0x00,0x00,0x00,0x00,0x00,0x00,0x00,0x00 /* 904e1b ................ */
	.byte 0x00,0x00,0x00,0x00,0x00,0x00,0x00,0x00,0x00,0x00,0x00,0x00,0x00,0x00,0x00,0x00 /* 904e2b ................ */
	.byte 0x00,0x00,0x00,0x00,0x00,0x00,0x00,0x00,0x00,0x00,0x00,0x00,0x00,0x00,0x00,0x00 /* 904e3b ................ */
	.byte 0x00,0x00,0x00,0x00,0x00,0x00,0x00,0x00,0x00,0x00,0x00,0x00,0x00,0x00,0x00,0x00 /* 904e4b ................ */
	.byte 0x00,0x00,0x00,0x00,0x00,0x00,0x00,0x00,0x00,0x00,0x00,0x00,0x00,0x00,0x00,0x00 /* 904e5b ................ */
	.byte 0x00,0x00,0x00,0x00,0x00,0x00,0x00,0x00,0x00,0x00,0x00,0x00,0x00,0x00,0x00,0x00 /* 904e6b ................ */
	.byte 0x00,0x00,0x00,0x00,0x00,0x00,0x00,0x00,0x00,0x00,0x00,0x00,0x00,0x00,0x00,0x00 /* 904e7b ................ */
	.byte 0x00,0x00,0x00,0x00,0x00,0x00,0x00,0x00,0x00,0x00,0x00,0x00,0x00,0x00,0x00,0x00 /* 904e8b ................ */
	.byte 0x00,0x00,0x00,0x00,0x00,0x00,0x00,0x00,0x00,0x00,0x00,0x00,0x00,0x00,0x00,0x00 /* 904e9b ................ */
	.byte 0x00,0x00,0x00,0x00,0x00,0x00,0x00,0x00,0x00,0x00,0x00,0x00,0x00,0x00,0x00,0x00 /* 904eab ................ */
	.byte 0x00,0x00,0x00,0x00,0x00,0x00,0x00,0x00,0x00,0x00,0x00,0x00,0x00,0x00,0x00,0x00 /* 904ebb ................ */
	.byte 0x00,0x00,0x00,0x00,0x00,0x00,0x00,0x00,0x00,0x00,0x00,0x00,0x00,0x00,0x00,0x00 /* 904ecb ................ */
	.byte 0x00,0x00,0x00,0x00,0x00,0x00,0x00,0x00,0x00,0x00,0x00,0x00,0x00,0x00,0x00,0x00 /* 904edb ................ */
	.byte 0x00,0x00,0x00,0x00,0x00,0x00,0x00,0x00,0x00,0x00,0x00,0x00,0x00,0x00,0x00,0x00 /* 904eeb ................ */
	.byte 0x00,0x00,0x00,0x00,0x00,0x00,0x00,0x00,0x00,0x00,0x00,0x00,0x00,0x00,0x00,0x00 /* 904efb ................ */
	.byte 0x00,0x00,0x00,0x00,0x00,0x00,0x00,0x00,0x00,0x00,0x00,0x00,0x00,0x00,0x00,0x00 /* 904f0b ................ */
	.byte 0x00,0x00,0x00,0x00,0x00,0x00,0x00,0x00,0x00,0x00,0x00,0x00,0x00,0x00,0x00,0x00 /* 904f1b ................ */
	.byte 0x00,0x00,0x00,0x00,0x00,0x00,0x00,0x00,0x00,0x00,0x00,0x00,0x00,0x00,0x00,0x00 /* 904f2b ................ */
	.byte 0x00,0x00,0x00,0x00,0x00,0x00,0x00,0x00,0x00,0x00,0x00,0x00,0x00,0x00,0x00,0x00 /* 904f3b ................ */
	.byte 0x00,0x00,0x00,0x00,0x00,0x00,0x00,0x00,0x00,0x00,0x00,0x00,0x00,0x00,0x00,0x00 /* 904f4b ................ */
	.byte 0x00,0x00,0x00,0x00,0x00,0x00,0x00,0x00,0x00,0x00,0x00,0x00,0x00,0x00,0x00,0x00 /* 904f5b ................ */
	.byte 0x00,0x00,0x00,0x00,0x00,0x00,0x00,0x00,0x00,0x00,0x00,0x00,0x00,0x00,0x00,0x00 /* 904f6b ................ */
	.byte 0x00,0x00,0x00,0x00,0x00,0x00,0x00,0x00,0x00,0x00,0x00,0x00,0x00,0x00,0x00,0x00 /* 904f7b ................ */
	.byte 0x00,0x00,0x00,0x00,0x00,0x00,0x00,0x00,0x00,0x00,0x00,0x00,0x00,0x00,0x00,0x00 /* 904f8b ................ */
	.byte 0x00,0x00,0x00,0x00,0x00,0x00,0x00,0x00,0x00,0x00,0x00,0x00,0x00,0x00,0x00,0x00 /* 904f9b ................ */
	.byte 0x00,0x00,0x00,0x00,0x00,0x00,0x00,0x00,0x00,0x00,0x00,0x00,0x00,0x00,0x00,0x00 /* 904fab ................ */
	.byte 0x00,0x00,0x00,0x00,0x00,0x00,0x00,0x00,0x00,0x00,0x00,0x00,0x00,0x00,0x00,0x00 /* 904fbb ................ */
	.byte 0x00,0x00,0x00,0x00,0x00,0x00,0x00,0x00,0x00,0x00,0x00,0x00,0x00,0x00,0x00,0x00 /* 904fcb ................ */
	.byte 0x00,0x00,0x00,0x00,0x00,0x00,0x00,0x00,0x00,0x00,0x00,0x00,0x00,0x00,0x00,0x00 /* 904fdb ................ */
	.byte 0x00,0x00,0x00,0x00,0x00,0x00,0x00,0x00,0x00,0x00,0x00,0x00,0x00,0x00,0x00,0x00 /* 904feb ................ */
	.byte 0x00,0x00,0x00,0x00,0x00,0x00,0x00,0x00,0x00,0x00,0x00,0x00,0x00,0x00,0x00,0x00 /* 904ffb ................ */
	.byte 0x00,0x00,0x00,0x00,0x00,0x00,0x00,0x00,0x00,0x00,0x00,0x00,0x00,0x00,0x00,0x00 /* 90500b ................ */
	.byte 0x00,0x00,0x00,0x00,0x00,0x00,0x00,0x00,0x00,0x00,0x00,0x00,0x00,0x00,0x00,0x00 /* 90501b ................ */
	.byte 0x00,0x00,0x00,0x00,0x00,0x00,0x00,0x00,0x00,0x00,0x00,0x00,0x00,0x00,0x00,0x00 /* 90502b ................ */
	.byte 0x00,0x00,0x00,0x00,0x00,0x00,0x00,0x00,0x00,0x00,0x00,0x00,0x00,0x00,0x00,0x00 /* 90503b ................ */
	.byte 0x00,0x00,0x00,0x00,0x00,0x00,0x00,0x00,0x00,0x00,0x00,0x00,0x00,0x00,0x00,0x00 /* 90504b ................ */
	.byte 0x00,0x00,0x00,0x00,0x00,0x00,0x00,0x00,0x00,0x00,0x00,0x00,0x00,0x00,0x00,0x00 /* 90505b ................ */
	.byte 0x00,0x00,0x00,0x00,0x00,0x00,0x00,0x00,0x00,0x00,0x00,0x00,0x00,0x00,0x00,0x00 /* 90506b ................ */
	.byte 0x00,0x00,0x00,0x00,0x00,0x00,0x00,0x00,0x00,0x00,0x00,0x00,0x00,0x00,0x00,0x00 /* 90507b ................ */
	.byte 0x00,0x00,0x00,0x00,0x00,0x00,0x00,0x00,0x00,0x00,0x00,0x00,0x00,0x00,0x00,0x00 /* 90508b ................ */
	.byte 0x00,0x00,0x00,0x00,0x00,0x00,0x00,0x00,0x00,0x00,0x00,0x00,0x00,0x00,0x00,0x00 /* 90509b ................ */
	.byte 0x00,0x00,0x00,0x00,0x00,0x00,0x00,0x00,0x00,0x00,0x00,0x00,0x00,0x00,0x00,0x00 /* 9050ab ................ */
	.byte 0x00,0x00,0x00,0x00,0x00,0x00,0x00,0x00,0x00,0x00,0x00,0x00,0x00,0x00,0x00,0x00 /* 9050bb ................ */
	.byte 0x00,0x00,0x00,0x00,0x00,0x00,0x00,0x00,0x00,0x00,0x00,0x00,0x00,0x00,0x00,0x00 /* 9050cb ................ */
	.byte 0x00,0x00,0x00,0x00,0x00,0x00,0x00,0x00,0x00,0x00,0x00,0x00,0x00,0x00,0x00,0x00 /* 9050db ................ */
	.byte 0x00,0x00,0x00,0x00,0x00,0x00,0x00,0x00,0x00,0x00,0x00,0x00,0x00,0x00,0x00,0x00 /* 9050eb ................ */
	.byte 0x00,0x00,0x00,0x00,0x00,0x00,0x00,0x00,0x00,0x00,0x00,0x00,0x00,0x00,0x00,0x00 /* 9050fb ................ */
	.byte 0x00,0x00,0x00,0x00,0x00,0x00,0x00,0x00,0x00,0x00,0x00,0x00,0x00,0x00,0x00,0x00 /* 90510b ................ */
	.byte 0x00,0x00,0x00,0x00,0x00,0x00,0x00,0x00,0x00,0x00,0x00,0x00,0x00,0x00,0x00,0x00 /* 90511b ................ */
	.byte 0x00,0x00,0x00,0x00,0x00,0x00,0x00,0x00,0x00,0x00,0x00,0x00,0x00,0x00,0x00,0x00 /* 90512b ................ */
	.byte 0x00,0x00,0x00,0x00,0x00,0x00,0x00,0x00,0x00,0x00,0x00,0x00,0x00,0x00,0x00,0x00 /* 90513b ................ */
	.byte 0x00,0x00,0x00,0x00,0x00,0x00,0x00,0x00,0x00,0x00,0x00,0x00,0x00,0x00,0x00,0x00 /* 90514b ................ */
	.byte 0x00,0x00,0x00,0x00,0x00,0x00,0x00,0x00,0x00,0x00,0x00,0x00,0x00,0x00,0x00,0x00 /* 90515b ................ */
	.byte 0x00,0x00,0x00,0x00,0x00,0x00,0x00,0x00,0x00,0x00,0x00,0x00,0x00,0x00,0x00,0x00 /* 90516b ................ */
	.byte 0x00,0x00,0x00,0x00,0x00,0x00,0x00,0x00,0x00,0x00,0x00,0x00,0x00,0x00,0x00,0x00 /* 90517b ................ */
	.byte 0x00,0x00,0x00,0x00,0x00,0x00,0x00,0x00,0x00,0x00,0x00,0x00,0x00,0x00,0x00,0x00 /* 90518b ................ */
	.byte 0x00,0x00,0x00,0x00,0x00,0x00,0x00,0x00,0x00,0x00,0x00,0x00,0x00,0x00,0x00,0x00 /* 90519b ................ */
	.byte 0x00,0x00,0x00,0x00,0x00,0x00,0x00,0x00,0x00,0x00,0x00,0x00,0x00,0x00,0x00,0x00 /* 9051ab ................ */
	.byte 0x00,0x00,0x00,0x00,0x00,0x00,0x00,0x00,0x00,0x00,0x00,0x00,0x00,0x00,0x00,0x00 /* 9051bb ................ */
	.byte 0x00,0x00,0x00,0x00,0x00,0x00,0x00,0x00,0x00,0x00,0x00,0x00,0x00,0x00,0x00,0x00 /* 9051cb ................ */
	.byte 0x00,0x00,0x00,0x00,0x00,0x00,0x00,0x00,0x00,0x00,0x00,0x00,0x00,0x00,0x00,0x00 /* 9051db ................ */
	.byte 0x00,0x00,0x00,0x00,0x00,0x00,0x00,0x00,0x00,0x00,0x00,0x00,0x00,0x00,0x00,0x00 /* 9051eb ................ */
	.byte 0x00,0x00,0x00,0x00,0x00,0x00,0x00,0x00,0x00,0x00,0x00,0x00,0x00,0x00,0x00,0x00 /* 9051fb ................ */
	.byte 0x00,0x00,0x00,0x00,0x00,0x00,0x00,0x00,0x00,0x00,0x00,0x00,0x00,0x00,0x00,0x00 /* 90520b ................ */
	.byte 0x00,0x00,0x00,0x00,0x00,0x00,0x00,0x00,0x00,0x00,0x00,0x00,0x00,0x00,0x00,0x00 /* 90521b ................ */
	.byte 0x00,0x00,0x00,0x00,0x00,0x00,0x00,0x00,0x00,0x00,0x00,0x00,0x00,0x00,0x00,0x00 /* 90522b ................ */
	.byte 0x00,0x00,0x00,0x00,0x00,0x00,0x00,0x00,0x00,0x00,0x00,0x00,0x00,0x00,0x00,0x00 /* 90523b ................ */
	.byte 0x00,0x00,0x00,0x00,0x00,0x00,0x00,0x00,0x00,0x00,0x00,0x00,0x00,0x00,0x00,0x00 /* 90524b ................ */
	.byte 0x00,0x00,0x00,0x00,0x00,0x00,0x00,0x00,0x00,0x00,0x00,0x00,0x00,0x00,0x00,0x00 /* 90525b ................ */
	.byte 0x00,0x00,0x00,0x00,0x00,0x00,0x00,0x00,0x00,0x00,0x00,0x00,0x00,0x00,0x00,0x00 /* 90526b ................ */
	.byte 0x00,0x00,0x00,0x00,0x00,0x00,0x00,0x00,0x00,0x00,0x00,0x00,0x00,0x00,0x00,0x00 /* 90527b ................ */
	.byte 0x00,0x00,0x00,0x00,0x00,0x00,0x00,0x00,0x00,0x00,0x00,0x00,0x00,0x00,0x00,0x00 /* 90528b ................ */
	.byte 0x00,0x00,0x00,0x00,0x00,0x00,0x00,0x00,0x00,0x00,0x00,0x00,0x00,0x00,0x00,0x00 /* 90529b ................ */
	.byte 0x00,0x00,0x00,0x00,0x00,0x00,0x00,0x00,0x00,0x00,0x00,0x00,0x00,0x00,0x00,0x00 /* 9052ab ................ */
	.byte 0x00,0x00,0x00,0x00,0x00,0x00,0x00,0x00,0x00,0x00,0x00,0x00,0x00,0x00,0x00,0x00 /* 9052bb ................ */
	.byte 0x00,0x00,0x00,0x00,0x00,0x00,0x00,0x00,0x00,0x00,0x00,0x00,0x00,0x00,0x00,0x00 /* 9052cb ................ */
	.byte 0x00,0x00,0x00,0x00,0x00,0x00,0x00,0x00,0x00,0x00,0x00,0x00,0x00,0x00,0x00,0x00 /* 9052db ................ */
	.byte 0x00,0x00,0x00,0x00,0x00,0x00,0x00,0x00,0x00,0x00,0x00,0x00,0x00,0x00,0x00,0x00 /* 9052eb ................ */
	.byte 0x00,0x00,0x00,0x00,0x00,0x00,0x00,0x00,0x00,0x00,0x00,0x00,0x00,0x00,0x00,0x00 /* 9052fb ................ */
	.byte 0x00,0x00,0x00,0x00,0x00,0x00,0x00,0x00,0x00,0x00,0x00,0x00,0x00,0x00,0x00,0x00 /* 90530b ................ */
	.byte 0x00,0x00,0x00,0x00,0x00,0x00,0x00,0x00,0x00,0x00,0x00,0x00,0x00,0x00,0x00,0x00 /* 90531b ................ */
	.byte 0x00,0x00,0x00,0x00,0x00,0x00,0x00,0x00,0x00,0x00,0x00,0x00,0x00,0x00,0x00,0x00 /* 90532b ................ */
	.byte 0x00,0x00,0x00,0x00,0x00,0x00,0x00,0x00,0x00,0x00,0x00,0x00,0x00,0x00,0x00,0x00 /* 90533b ................ */
	.byte 0x00,0x00,0x00,0x00,0x00,0x00,0x00,0x00,0x00,0x00,0x00,0x00,0x00,0x00,0x00,0x00 /* 90534b ................ */
	.byte 0x00,0x00,0x00,0x00,0x00,0x00,0x00,0x00,0x00,0x00,0x00,0x00,0x00,0x00,0x00,0x00 /* 90535b ................ */
	.byte 0x00,0x00,0x00,0x00,0x00,0x00,0x00,0x00,0x00,0x00,0x00,0x00,0x00,0x00,0x00,0x00 /* 90536b ................ */
	.byte 0x00,0x00,0x00,0x00,0x00,0x00,0x00,0x00,0x00,0x00,0x00,0x00,0x00,0x00,0x00,0x00 /* 90537b ................ */
	.byte 0x00,0x00,0x00,0x00,0x00,0x00,0x00,0x00,0x00,0x00,0x00,0x00,0x00,0x00,0x00,0x00 /* 90538b ................ */
	.byte 0x00,0x00,0x00,0x00,0x00,0x00,0x00,0x00,0x00,0x00,0x00,0x00,0x00,0x00,0x00,0x00 /* 90539b ................ */
	.byte 0x00,0x00,0x00,0x00,0x00,0x00,0x00,0x00,0x00,0x00,0x00,0x00,0x00,0x00,0x00,0x00 /* 9053ab ................ */
	.byte 0x00,0x00,0x00,0x00,0x00,0x00,0x00,0x00,0x00,0x00,0x00,0x00,0x00,0x00,0x00,0x00 /* 9053bb ................ */
	.byte 0x00,0x00,0x00,0x00,0x00,0x00,0x00,0x00,0x00,0x00,0x00,0x00,0x00,0x00,0x00,0x00 /* 9053cb ................ */
	.byte 0x00,0x00,0x00,0x00,0x00,0x00,0x00,0x00,0x00,0x00,0x00,0x00,0x00,0x00,0x00,0x00 /* 9053db ................ */
	.byte 0x00,0x00,0x00,0x00,0x00,0x00,0x00,0x00,0x00,0x00,0x00,0x00,0x00,0x00,0x00,0x00 /* 9053eb ................ */
	.byte 0x00,0x00,0x00,0x00,0x00,0x00,0x00,0x00,0x00,0x00,0x00,0x00,0x00,0x00,0x00,0x00 /* 9053fb ................ */
	.byte 0x00,0x00,0x00,0x00,0x00,0x00,0x00,0x00,0x00,0x00,0x00,0x00,0x00,0x00,0x00,0x00 /* 90540b ................ */
	.byte 0x00,0x00,0x00,0x00,0x00,0x00,0x00,0x00,0x00,0x00,0x00,0x00,0x00,0x00,0x00,0x00 /* 90541b ................ */
	.byte 0x00,0x00,0x00,0x00,0x00,0x00,0x00,0x00,0x00,0x00,0x00,0x00,0x00,0x00,0x00,0x00 /* 90542b ................ */
	.byte 0x00,0x00,0x00,0x00,0x00,0x00,0x00,0x00,0x00,0x00,0x00,0x00,0x00,0x00,0x00,0x00 /* 90543b ................ */
	.byte 0x00,0x00,0x00,0x00,0x00,0x00,0x00,0x00,0x00,0x00,0x00,0x00,0x00,0x00,0x00,0x00 /* 90544b ................ */
	.byte 0x00,0x00,0x00,0x00,0x00,0x00,0x00,0x00,0x00,0x00,0x00,0x00,0x00,0x00,0x00,0x00 /* 90545b ................ */
	.byte 0x00,0x00,0x00,0x00,0x00,0x00,0x00,0x00,0x00,0x00,0x00,0x00,0x00,0x00,0x00,0x00 /* 90546b ................ */
	.byte 0x00,0x00,0x00,0x00,0x00,0x00,0x00,0x00,0x00,0x00,0x00,0x00,0x00,0x00,0x00,0x00 /* 90547b ................ */
	.byte 0x00,0x00,0x00,0x00,0x00,0x00,0x00,0x00,0x00,0x00,0x00,0x00,0x00,0x00,0x00,0x00 /* 90548b ................ */
	.byte 0x00,0x00,0x00,0x00,0x00,0x00,0x00,0x00,0x00,0x00,0x00,0x00,0x00,0x00,0x00,0x00 /* 90549b ................ */
	.byte 0x00,0x00,0x00,0x00,0x00,0x00,0x00,0x00,0x00,0x00,0x00,0x00,0x00,0x00,0x00,0x00 /* 9054ab ................ */
	.byte 0x00,0x00,0x00,0x00,0x00,0x00,0x00,0x00,0x00,0x00,0x00,0x00,0x00,0x00,0x00,0x00 /* 9054bb ................ */
	.byte 0x00,0x00,0x00,0x00,0x00,0x00,0x00,0x00,0x00,0x00,0x00,0x00,0x00,0x00,0x00,0x00 /* 9054cb ................ */
	.byte 0x00,0x00,0x00,0x00,0x00,0x00,0x00,0x00,0x00,0x00,0x00,0x00,0x00,0x00,0x00,0x00 /* 9054db ................ */
	.byte 0x00,0x00,0x00,0x00,0x00,0x00,0x00,0x00,0x00,0x00,0x00,0x00,0x00,0x00,0x00,0x00 /* 9054eb ................ */
	.byte 0x00,0x00,0x00,0x00,0x00,0x00,0x00,0x00,0x00,0x00,0x00,0x00,0x00,0x00,0x00,0x00 /* 9054fb ................ */
	.byte 0x00,0x00,0x00,0x00,0x00,0x00,0x00,0x00,0x00,0x00,0x00,0x00,0x00,0x00,0x00,0x00 /* 90550b ................ */
	.byte 0x00,0x00,0x00,0x00,0x00,0x00,0x00,0x00,0x00,0x00,0x00,0x00,0x00,0x00,0x00,0x00 /* 90551b ................ */
	.byte 0x00,0x00,0x00,0x00,0x00,0x00,0x00,0x00,0x00,0x00,0x00,0x00,0x00,0x00,0x00,0x00 /* 90552b ................ */
	.byte 0x00,0x00,0x00,0x00,0x00,0x00,0x00,0x00,0x00,0x00,0x00,0x00,0x00,0x00,0x00,0x00 /* 90553b ................ */
	.byte 0x00,0x00,0x00,0x00,0x00,0x00,0x00,0x00,0x00,0x00,0x00,0x00,0x00,0x00,0x00,0x00 /* 90554b ................ */
	.byte 0x00,0x00,0x00,0x00,0x00,0x00,0x00,0x00,0x00,0x00,0x00,0x00,0x00,0x00,0x00,0x00 /* 90555b ................ */
	.byte 0x00,0x00,0x00,0x00,0x00,0x00,0x00,0x00,0x00,0x00,0x00,0x00,0x00,0x00,0x00,0x00 /* 90556b ................ */
	.byte 0x00,0x00,0x00,0x00,0x00,0x00,0x00,0x00,0x00,0x00,0x00,0x00,0x00,0x00,0x00,0x00 /* 90557b ................ */
	.byte 0x00,0x00,0x00,0x00,0x00,0x00,0x00,0x00,0x00,0x00,0x00,0x00,0x00,0x00,0x00,0x00 /* 90558b ................ */
	.byte 0x00,0x00,0x00,0x00,0x00,0x00,0x00,0x00,0x00,0x00,0x00,0x00,0x00,0x00,0x00,0x00 /* 90559b ................ */
	.byte 0x00,0x00,0x00,0x00,0x00,0x00,0x00,0x00,0x00,0x00,0x00,0x00,0x00,0x00,0x00,0x00 /* 9055ab ................ */
	.byte 0x00,0x00,0x00,0x00,0x00,0x00,0x00,0x00,0x00,0x00,0x00,0x00,0x00,0x00,0x00,0x00 /* 9055bb ................ */
	.byte 0x00,0x00,0x00,0x00,0x00,0x00,0x00,0x00,0x00,0x00,0x00,0x00,0x00,0x00,0x00,0x00 /* 9055cb ................ */
	.byte 0x00,0x00,0x00,0x00,0x00,0x00,0x00,0x00,0x00,0x00,0x00,0x00,0x00,0x00,0x00,0x00 /* 9055db ................ */
	.byte 0x00,0x00,0x00,0x00,0x00,0x00,0x00,0x00,0x00,0x00,0x00,0x00,0x00,0x00,0x00,0x00 /* 9055eb ................ */
	.byte 0x00,0x00,0x00,0x00,0x00,0x00,0x00,0x00,0x00,0x00,0x00,0x00,0x00,0x00,0x00,0x00 /* 9055fb ................ */
	.byte 0x00,0x00,0x00,0x00,0x00,0x00,0x00,0x00,0x00,0x00,0x00,0x00,0x00,0x00,0x00,0x00 /* 90560b ................ */
	.byte 0x00,0x00,0x00,0x00,0x00,0x00,0x00,0x00,0x00,0x00,0x00,0x00,0x00,0x00,0x00,0x00 /* 90561b ................ */
	.byte 0x00,0x00,0x00,0x00,0x00,0x00,0x00,0x00,0x00,0x00,0x00,0x00,0x00,0x00,0x00,0x00 /* 90562b ................ */
	.byte 0x00,0x00,0x00,0x00,0x00,0x00,0x00,0x00,0x00,0x00,0x00,0x00,0x00,0x00,0x00,0x00 /* 90563b ................ */
	.byte 0x00,0x00,0x00,0x00,0x00,0x00,0x00,0x00,0x00,0x00,0x00,0x00,0x00,0x00,0x00,0x00 /* 90564b ................ */
	.byte 0x00,0x00,0x00,0x00,0x00,0x00,0x00,0x00,0x00,0x00,0x00,0x00,0x00,0x00,0x00,0x00 /* 90565b ................ */
	.byte 0x00,0x00,0x00,0x00,0x00,0x00,0x00,0x00,0x00,0x00,0x00,0x00,0x00,0x00,0x00,0x00 /* 90566b ................ */
	.byte 0x00,0x00,0x00,0x00,0x00,0x00,0x00,0x00,0x00,0x00,0x00,0x00,0x00,0x00,0x00,0x00 /* 90567b ................ */
	.byte 0x00,0x00,0x00,0x00,0x00,0x00,0x00,0x00,0x00,0x00,0x00,0x00,0x00,0x00,0x00,0x00 /* 90568b ................ */
	.byte 0x00,0x00,0x00,0x00,0x00,0x00,0x00,0x00,0x00,0x00,0x00,0x00,0x00,0x00,0x00,0x00 /* 90569b ................ */
	.byte 0x00,0x00,0x00,0x00,0x00,0x00,0x00,0x00,0x00,0x00,0x00,0x00,0x00,0x00,0x00,0x00 /* 9056ab ................ */
	.byte 0x00,0x00,0x00,0x00,0x00,0x00,0x00,0x00,0x00,0x00,0x00,0x00,0x00,0x00,0x00,0x00 /* 9056bb ................ */
	.byte 0x00,0x00,0x00,0x00,0x00,0x00,0x00,0x00,0x00,0x00,0x00,0x00,0x00,0x00,0x00,0x00 /* 9056cb ................ */
	.byte 0x00,0x00,0x00,0x00,0x00,0x00,0x00,0x00,0x00,0x00,0x00,0x00,0x00,0x00,0x00,0x00 /* 9056db ................ */
	.byte 0x00,0x00,0x00,0x00,0x00,0x00,0x00,0x00,0x00,0x00,0x00,0x00,0x00,0x00,0x00,0x00 /* 9056eb ................ */
	.byte 0x00,0x00,0x00,0x00,0x00,0x00,0x00,0x00,0x00,0x00,0x00,0x00,0x00,0x00,0x00,0x00 /* 9056fb ................ */
	.byte 0x00,0x00,0x00,0x00,0x00,0x00,0x00,0x00,0x00,0x00,0x00,0x00,0x00,0x00,0x00,0x00 /* 90570b ................ */
	.byte 0x00,0x00,0x00,0x00,0x00,0x00,0x00,0x00,0x00,0x00,0x00,0x00,0x00,0x00,0x00,0x00 /* 90571b ................ */
	.byte 0x00,0x00,0x00,0x00,0x00,0x00,0x00,0x00,0x00,0x00,0x00,0x00,0x00,0x00,0x00,0x00 /* 90572b ................ */
	.byte 0x00,0x00,0x00,0x00,0x00,0x00,0x00,0x00,0x00,0x00,0x00,0x00,0x00,0x00,0x00,0x00 /* 90573b ................ */
	.byte 0x00,0x00,0x00,0x00,0x00,0x00,0x00,0x00,0x00,0x00,0x00,0x00,0x00,0x00,0x00,0x00 /* 90574b ................ */
	.byte 0x00,0x00,0x00,0x00,0x00,0x00,0x00,0x00,0x00,0x00,0x00,0x00,0x00,0x00,0x00,0x00 /* 90575b ................ */
	.byte 0x00,0x00,0x00,0x00,0x00,0x00,0x00,0x00,0x00,0x00,0x00,0x00,0x00,0x00,0x00,0x00 /* 90576b ................ */
	.byte 0x00,0x00,0x00,0x00,0x00,0x00,0x00,0x00,0x00,0x00,0x00,0x00,0x00,0x00,0x00,0x00 /* 90577b ................ */
	.byte 0x00,0x00,0x00,0x00,0x00,0x00,0x00,0x00,0x00,0x00,0x00,0x00,0x00,0x00,0x00,0x00 /* 90578b ................ */
	.byte 0x00,0x00,0x00,0x00,0x00,0x00,0x00,0x00,0x00,0x00,0x00,0x00,0x00,0x00,0x00,0x00 /* 90579b ................ */
	.byte 0x00,0x00,0x00,0x00,0x00,0x00,0x00,0x00,0x00,0x00,0x00,0x00,0x00,0x00,0x00,0x00 /* 9057ab ................ */
	.byte 0x00,0x00,0x00,0x00,0x00,0x00,0x00,0x00,0x00,0x00,0x00,0x00,0x00,0x00,0x00,0x00 /* 9057bb ................ */
	.byte 0x00,0x00,0x00,0x00,0x00,0x00,0x00,0x00,0x00,0x00,0x00,0x00,0x00,0x00,0x00,0x00 /* 9057cb ................ */
	.byte 0x00,0x00,0x00,0x00,0x00,0x00,0x00,0x00,0x00,0x00,0x00,0x00,0x00,0x00,0x00,0x00 /* 9057db ................ */
	.byte 0x00,0x00,0x00,0x00,0x00,0x00,0x00,0x00,0x00,0x00,0x00,0x00,0x00,0x00,0x00,0x00 /* 9057eb ................ */
	.byte 0x00,0x00,0x00,0x00,0x00,0x00,0x00,0x00,0x00,0x00,0x00,0x00,0x00,0x00,0x00,0x00 /* 9057fb ................ */
	.byte 0x00,0x00,0x00,0x00,0x00,0x00,0x00,0x00,0x00,0x00,0x00,0x00,0x00,0x00,0x00,0x00 /* 90580b ................ */
	.byte 0x00,0x00,0x00,0x00,0x00,0x00,0x00,0x00,0x00,0x00,0x00,0x00,0x00,0x00,0x00,0x00 /* 90581b ................ */
	.byte 0x00,0x00,0x00,0x00,0x00,0x00,0x00,0x00,0x00,0x00,0x00,0x00,0x00,0x00,0x00,0x00 /* 90582b ................ */
	.byte 0x00,0x00,0x00,0x00,0x00,0x00,0x00,0x00,0x00,0x00,0x00,0x00,0x00,0x00,0x00,0x00 /* 90583b ................ */
	.byte 0x00,0x00,0x00,0x00,0x00,0x00,0x00,0x00,0x00,0x00,0x00,0x00,0x00,0x00,0x00,0x00 /* 90584b ................ */
	.byte 0x00,0x00,0x00,0x00,0x00,0x00,0x00,0x00,0x00,0x00,0x00,0x00,0x00,0x00,0x00,0x00 /* 90585b ................ */
	.byte 0x00,0x00,0x00,0x00,0x00,0x00,0x00,0x00,0x00,0x00,0x00,0x00,0x00,0x00,0x00,0x00 /* 90586b ................ */
	.byte 0x00,0x00,0x00,0x00,0x00,0x00,0x00,0x00,0x00,0x00,0x00,0x00,0x00,0x00,0x00,0x00 /* 90587b ................ */
	.byte 0x00,0x00,0x00,0x00,0x00,0x00,0x00,0x00,0x00,0x00,0x00,0x00,0x00,0x00,0x00,0x00 /* 90588b ................ */
	.byte 0x00,0x00,0x00,0x00,0x00,0x00,0x00,0x00,0x00,0x00,0x00,0x00,0x00,0x00,0x00,0x00 /* 90589b ................ */
	.byte 0x00,0x00,0x00,0x00,0x00,0x00,0x00,0x00,0x00,0x00,0x00,0x00,0x00,0x00,0x00,0x00 /* 9058ab ................ */
	.byte 0x00,0x00,0x00,0x00,0x00,0x00,0x00,0x00,0x00,0x00,0x00,0x00,0x00,0x00,0x00,0x00 /* 9058bb ................ */
	.byte 0x00,0x00,0x00,0x00,0x00,0x00,0x00,0x00,0x00,0x00,0x00,0x00,0x00,0x00,0x00,0x00 /* 9058cb ................ */
	.byte 0x00,0x00,0x00,0x00,0x00,0x00,0x00,0x00,0x00,0x00,0x00,0x00,0x00,0x00,0x00,0x00 /* 9058db ................ */
	.byte 0x00,0x00,0x00,0x00,0x00,0x00,0x00,0x00,0x00,0x00,0x00,0x00,0x00,0x00,0x00,0x00 /* 9058eb ................ */
	.byte 0x00,0x00,0x00,0x00,0x00,0x00,0x00,0x00,0x00,0x00,0x00,0x00,0x00,0x00,0x00,0x00 /* 9058fb ................ */
	.byte 0x00,0x00,0x00,0x00,0x00,0x00,0x00,0x00,0x00,0x00,0x00,0x00,0x00,0x00,0x00,0x00 /* 90590b ................ */
	.byte 0x00,0x00,0x00,0x00,0x00,0x00,0x00,0x00,0x00,0x00,0x00,0x00,0x00,0x00,0x00,0x00 /* 90591b ................ */
	.byte 0x00,0x00,0x00,0x00,0x00,0x00,0x00,0x00,0x00,0x00,0x00,0x00,0x00,0x00,0x00,0x00 /* 90592b ................ */
	.byte 0x00,0x00,0x00,0x00,0x00,0x00,0x00,0x00,0x00,0x00,0x00,0x00,0x00,0x00,0x00,0x00 /* 90593b ................ */
	.byte 0x00,0x00,0x00,0x00,0x00,0x00,0x00,0x00,0x00,0x00,0x00,0x00,0x00,0x00,0x00,0x00 /* 90594b ................ */
	.byte 0x00,0x00,0x00,0x00,0x00,0x00,0x00,0x00,0x00,0x00,0x00,0x00,0x00,0x00,0x00,0x00 /* 90595b ................ */
	.byte 0x00,0x00,0x00,0x00,0x00,0x00,0x00,0x00,0x00,0x00,0x00,0x00,0x00,0x00,0x00,0x00 /* 90596b ................ */
	.byte 0x00,0x00,0x00,0x00,0x00,0x00,0x00,0x00,0x00,0x00,0x00,0x00,0x00,0x00,0x00,0x00 /* 90597b ................ */
	.byte 0x00,0x00,0x00,0x00,0x00,0x00,0x00,0x00,0x00,0x00,0x00,0x00,0x00,0x00,0x00,0x00 /* 90598b ................ */
	.byte 0x00,0x00,0x00,0x00,0x00,0x00,0x00,0x00,0x00,0x00,0x00,0x00,0x00,0x00,0x00,0x00 /* 90599b ................ */
	.byte 0x00,0x00,0x00,0x00,0x00,0x00,0x00,0x00,0x00,0x00,0x00,0x00,0x00,0x00,0x00,0x00 /* 9059ab ................ */
	.byte 0x00,0x00,0x00,0x00,0x00,0x00,0x00,0x00,0x00,0x00,0x00,0x00,0x00,0x00,0x00,0x00 /* 9059bb ................ */
	.byte 0x00,0x00,0x00,0x00,0x00,0x00,0x00,0x00,0x00,0x00,0x00,0x00,0x00,0x00,0x00,0x00 /* 9059cb ................ */
	.byte 0x00,0x00,0x00,0x00,0x00,0x00,0x00,0x00,0x00,0x00,0x00,0x00,0x00,0x00,0x00,0x00 /* 9059db ................ */
	.byte 0x00,0x00,0x00,0x00,0x00,0x00,0x00,0x00,0x00,0x00,0x00,0x00,0x00,0x00,0x00,0x00 /* 9059eb ................ */
	.byte 0x00,0x00,0x00,0x00,0x00,0x00,0x00,0x00,0x00,0x00,0x00,0x00,0x00,0x00,0x00,0x00 /* 9059fb ................ */
	.byte 0x00,0x00,0x00,0x00,0x00,0x00,0x00,0x00,0x00,0x00,0x00,0x00,0x00,0x00,0x00,0x00 /* 905a0b ................ */
	.byte 0x00,0x00,0x00,0x00,0x00,0x00,0x00,0x00,0x00,0x00,0x00,0x00,0x00,0x00,0x00,0x00 /* 905a1b ................ */
	.byte 0x00,0x00,0x00,0x00,0x00,0x00,0x00,0x00,0x00,0x00,0x00,0x00,0x00,0x00,0x00,0x00 /* 905a2b ................ */
	.byte 0x00,0x00,0x00,0x00,0x00,0x00,0x00,0x00,0x00,0x00,0x00,0x00,0x00,0x00,0x00,0x00 /* 905a3b ................ */
	.byte 0x00,0x00,0x00,0x00,0x00,0x00,0x00,0x00,0x00,0x00,0x00,0x00,0x00,0x00,0x00,0x00 /* 905a4b ................ */
	.byte 0x00,0x00,0x00,0x00,0x00,0x00,0x00,0x00,0x00,0x00,0x00,0x00,0x00,0x00,0x00,0x00 /* 905a5b ................ */
	.byte 0x00,0x00,0x00,0x00,0x00,0x00,0x00,0x00,0x00,0x00,0x00,0x00,0x00,0x00,0x00,0x00 /* 905a6b ................ */
	.byte 0x00,0x00,0x00,0x00,0x00,0x00,0x00,0x00,0x00,0x00,0x00,0x00,0x00,0x00,0x00,0x00 /* 905a7b ................ */
	.byte 0x00,0x00,0x00,0x00,0x00,0x00,0x00,0x00,0x00,0x00,0x00,0x00,0x00,0x00,0x00,0x00 /* 905a8b ................ */
	.byte 0x00,0x00,0x00,0x00,0x00,0x00,0x00,0x00,0x00,0x00,0x00,0x00,0x00,0x00,0x00,0x00 /* 905a9b ................ */
	.byte 0x00,0x00,0x00,0x00,0x00,0x00,0x00,0x00,0x00,0x00,0x00,0x00,0x00,0x00,0x00,0x00 /* 905aab ................ */
	.byte 0x00,0x00,0x00,0x00,0x00,0x00,0x00,0x00,0x00,0x00,0x00,0x00,0x00,0x00,0x00,0x00 /* 905abb ................ */
	.byte 0x00,0x00,0x00,0x00,0x00,0x00,0x00,0x00,0x00,0x00,0x00,0x00,0x00,0x00,0x00,0x00 /* 905acb ................ */
	.byte 0x00,0x00,0x00,0x00,0x00,0x00,0x00,0x00,0x00,0x00,0x00,0x00,0x00,0x00,0x00,0x00 /* 905adb ................ */
	.byte 0x00,0x00,0x00,0x00,0x00,0x00,0x00,0x00,0x00,0x00,0x00,0x00,0x00,0x00,0x00,0x00 /* 905aeb ................ */
	.byte 0x00,0x00,0x00,0x00,0x00,0x00,0x00,0x00,0x00,0x00,0x00,0x00,0x00,0x00,0x00,0x00 /* 905afb ................ */
	.byte 0x00,0x00,0x00,0x00,0x00,0x00,0x00,0x00,0x00,0x00,0x00,0x00,0x00,0x00,0x00,0x00 /* 905b0b ................ */
	.byte 0x00,0x00,0x00,0x00,0x00,0x00,0x00,0x00,0x00,0x00,0x00,0x00,0x00,0x00,0x00,0x00 /* 905b1b ................ */
	.byte 0x00,0x00,0x00,0x00,0x00,0x00,0x00,0x00,0x00,0x00,0x00,0x00,0x00,0x00,0x00,0x00 /* 905b2b ................ */
	.byte 0x00,0x00,0x00,0x00,0x00,0x00,0x00,0x00,0x00,0x00,0x00,0x00,0x00,0x00,0x00,0x00 /* 905b3b ................ */
	.byte 0x00,0x00,0x00,0x00,0x00,0x00,0x00,0x00,0x00,0x00,0x00,0x00,0x00,0x00,0x00,0x00 /* 905b4b ................ */
	.byte 0x00,0x00,0x00,0x00,0x00,0x00,0x00,0x00,0x00,0x00,0x00,0x00,0x00,0x00,0x00,0x00 /* 905b5b ................ */
	.byte 0x00,0x00,0x00,0x00,0x00,0x00,0x00,0x00,0x00,0x00,0x00,0x00,0x00,0x00,0x00,0x00 /* 905b6b ................ */
	.byte 0x00,0x00,0x00,0x00,0x00,0x00,0x00,0x00,0x00,0x00,0x00,0x00,0x00,0x00,0x00,0x00 /* 905b7b ................ */
	.byte 0x00,0x00,0x00,0x00,0x00,0x00,0x00,0x00,0x00,0x00,0x00,0x00,0x00,0x00,0x00,0x00 /* 905b8b ................ */
	.byte 0x00,0x00,0x00,0x00,0x00,0x00,0x00,0x00,0x00,0x00,0x00,0x00,0x00,0x00,0x00,0x00 /* 905b9b ................ */
	.byte 0x00,0x00,0x00,0x00,0x00,0x00,0x00,0x00,0x00,0x00,0x00,0x00,0x00,0x00,0x00,0x00 /* 905bab ................ */
	.byte 0x00,0x00,0x00,0x00,0x00,0x00,0x00,0x00,0x00,0x00,0x00,0x00,0x00,0x00,0x00,0x00 /* 905bbb ................ */
	.byte 0x00,0x00,0x00,0x00,0x00,0x00,0x00,0x00,0x00,0x00,0x00,0x00,0x00,0x00,0x00,0x00 /* 905bcb ................ */
	.byte 0x00,0x00,0x00,0x00,0x00,0x00,0x00,0x00,0x00,0x00,0x00,0x00,0x00,0x00,0x00,0x00 /* 905bdb ................ */
	.byte 0x00,0x00,0x00,0x00,0x00,0x00,0x00,0x00,0x00,0x00,0x00,0x00,0x00,0x00,0x00,0x00 /* 905beb ................ */
	.byte 0x00,0x00,0x00,0x00,0x00,0x00,0x00,0x00,0x00,0x00,0x00,0x00,0x00,0x00,0x00,0x00 /* 905bfb ................ */
	.byte 0x00,0x00,0x00,0x00,0x00,0x00,0x00,0x00,0x00,0x00,0x00,0x00,0x00,0x00,0x00,0x00 /* 905c0b ................ */
	.byte 0x00,0x00,0x00,0x00,0x00,0x00,0x00,0x00,0x00,0x00,0x00,0x00,0x00,0x00,0x00,0x00 /* 905c1b ................ */
	.byte 0x00,0x00,0x00,0x00,0x00,0x00,0x00,0x00,0x00,0x00,0x00,0x00,0x00,0x00,0x00,0x00 /* 905c2b ................ */
	.byte 0x00,0x00,0x00,0x00,0x00,0x00,0x00,0x00,0x00,0x00,0x00,0x00,0x00,0x00,0x00,0x00 /* 905c3b ................ */
	.byte 0x00,0x00,0x00,0x00,0x00,0x00,0x00,0x00,0x00,0x00,0x00,0x00,0x00,0x00,0x00,0x00 /* 905c4b ................ */
	.byte 0x00,0x00,0x00,0x00,0x00,0x00,0x00,0x00,0x00,0x00,0x00,0x00,0x00,0x00,0x00,0x00 /* 905c5b ................ */
	.byte 0x00,0x00,0x00,0x00,0x00,0x00,0x00,0x00,0x00,0x00,0x00,0x00,0x00,0x00,0x00,0x00 /* 905c6b ................ */
	.byte 0x00,0x00,0x00,0x00,0x00,0x00,0x00,0x00,0x00,0x00,0x00,0x00,0x00,0x00,0x00,0x00 /* 905c7b ................ */
	.byte 0x00,0x00,0x00,0x00,0x00,0x00,0x00,0x00,0x00,0x00,0x00,0x00,0x00,0x00,0x00,0x00 /* 905c8b ................ */
	.byte 0x00,0x00,0x00,0x00,0x00,0x00,0x00,0x00,0x00,0x00,0x00,0x00,0x00,0x00,0x00,0x00 /* 905c9b ................ */
	.byte 0x00,0x00,0x00,0x00,0x00,0x00,0x00,0x00,0x00,0x00,0x00,0x00,0x00,0x00,0x00,0x00 /* 905cab ................ */
	.byte 0x00,0x00,0x00,0x00,0x00,0x00,0x00,0x00,0x00,0x00,0x00,0x00,0x00,0x00,0x00,0x00 /* 905cbb ................ */
	.byte 0x00,0x00,0x00,0x00,0x00,0x00,0x00,0x00,0x00,0x00,0x00,0x00,0x00,0x00,0x00,0x00 /* 905ccb ................ */
	.byte 0x00,0x00,0x00,0x00,0x00,0x00,0x00,0x00,0x00,0x00,0x00,0x00,0x00,0x00,0x00,0x00 /* 905cdb ................ */
	.byte 0x00,0x00,0x00,0x00,0x00,0x00,0x00,0x00,0x00,0x00,0x00,0x00,0x00,0x00,0x00,0x00 /* 905ceb ................ */
	.byte 0x00,0x00,0x00,0x00,0x00,0x00,0x00,0x00,0x00,0x00,0x00,0x00,0x00,0x00,0x00,0x00 /* 905cfb ................ */
	.byte 0x00,0x00,0x00,0x00,0x00,0x00,0x00,0x00,0x00,0x00,0x00,0x00,0x00,0x00,0x00,0x00 /* 905d0b ................ */
	.byte 0x00,0x00,0x00,0x00,0x00,0x00,0x00,0x00,0x00,0x00,0x00,0x00,0x00,0x00,0x00,0x00 /* 905d1b ................ */
	.byte 0x00,0x00,0x00,0x00,0x00,0x00,0x00,0x00,0x00,0x00,0x00,0x00,0x00,0x00,0x00,0x00 /* 905d2b ................ */
	.byte 0x00,0x00,0x00,0x00,0x00,0x00,0x00,0x00,0x00,0x00,0x00,0x00,0x00,0x00,0x00,0x00 /* 905d3b ................ */
	.byte 0x00,0x00,0x00,0x00,0x00,0x00,0x00,0x00,0x00,0x00,0x00,0x00,0x00,0x00,0x00,0x00 /* 905d4b ................ */
	.byte 0x00,0x00,0x00,0x00,0x00,0x00,0x00,0x00,0x00,0x00,0x00,0x00,0x00,0x00,0x00,0x00 /* 905d5b ................ */
	.byte 0x00,0x00,0x00,0x00,0x00,0x00,0x00,0x00,0x00,0x00,0x00,0x00,0x00,0x00,0x00,0x00 /* 905d6b ................ */
	.byte 0x00,0x00,0x00,0x00,0x00,0x00,0x00,0x00,0x00,0x00,0x00,0x00,0x00,0x00,0x00,0x00 /* 905d7b ................ */
	.byte 0x00,0x00,0x00,0x00,0x00,0x00,0x00,0x00,0x00,0x00,0x00,0x00,0x00,0x00,0x00,0x00 /* 905d8b ................ */
	.byte 0x00,0x00,0x00,0x00,0x00,0x00,0x00,0x00,0x00,0x00,0x00,0x00,0x00,0x00,0x00,0x00 /* 905d9b ................ */
	.byte 0x00,0x00,0x00,0x00,0x00,0x00,0x00,0x00,0x00,0x00,0x00,0x00,0x00,0x00,0x00,0x00 /* 905dab ................ */
	.byte 0x00,0x00,0x00,0x00,0x00,0x00,0x00,0x00,0x00,0x00,0x00,0x00,0x00,0x00,0x00,0x00 /* 905dbb ................ */
	.byte 0x00,0x00,0x00,0x00,0x00,0x00,0x00,0x00,0x00,0x00,0x00,0x00,0x00,0x00,0x00,0x00 /* 905dcb ................ */
	.byte 0x00,0x00,0x00,0x00,0x00,0x00,0x00,0x00,0x00,0x00,0x00,0x00,0x00,0x00,0x00,0x00 /* 905ddb ................ */
	.byte 0x00,0x00,0x00,0x00,0x00,0x00,0x00,0x00,0x00,0x00,0x00,0x00,0x00,0x00,0x00,0x00 /* 905deb ................ */
	.byte 0x00,0x00,0x00,0x00,0x00,0x00,0x00,0x00,0x00,0x00,0x00,0x00,0x00,0x00,0x00,0x00 /* 905dfb ................ */
	.byte 0x00,0x00,0x00,0x00,0x00,0x00,0x00,0x00,0x00,0x00,0x00,0x00,0x00,0x00,0x00,0x00 /* 905e0b ................ */
	.byte 0x00,0x00,0x00,0x00,0x00,0x00,0x00,0x00,0x00,0x00,0x00,0x00,0x00,0x00,0x00,0x00 /* 905e1b ................ */
	.byte 0x00,0x00,0x00,0x00,0x00,0x00,0x00,0x00,0x00,0x00,0x00,0x00,0x00,0x00,0x00,0x00 /* 905e2b ................ */
	.byte 0x00,0x00,0x00,0x00,0x00,0x00,0x00,0x00,0x00,0x00,0x00,0x00,0x00,0x00,0x00,0x00 /* 905e3b ................ */
	.byte 0x00,0x00,0x00,0x00,0x00,0x00,0x00,0x00,0x00,0x00,0x00,0x00,0x00,0x00,0x00,0x00 /* 905e4b ................ */
	.byte 0x00,0x00,0x00,0x00,0x00,0x00,0x00,0x00,0x00,0x00,0x00,0x00,0x00,0x00,0x00,0x00 /* 905e5b ................ */
	.byte 0x00,0x00,0x00,0x00,0x00,0x00,0x00,0x00,0x00,0x00,0x00,0x00,0x00,0x00,0x00,0x00 /* 905e6b ................ */
	.byte 0x00,0x00,0x00,0x00,0x00,0x00,0x00,0x00,0x00,0x00,0x00,0x00,0x00,0x00,0x00,0x00 /* 905e7b ................ */
	.byte 0x00,0x00,0x00,0x00,0x00,0x00,0x00,0x00,0x00,0x00,0x00,0x00,0x00,0x00,0x00,0x00 /* 905e8b ................ */
	.byte 0x00,0x00,0x00,0x00,0x00,0x00,0x00,0x00,0x00,0x00,0x00,0x00,0x00,0x00,0x00,0x00 /* 905e9b ................ */
	.byte 0x00,0x00,0x00,0x00,0x00,0x00,0x00,0x00,0x00,0x00,0x00,0x00,0x00,0x00,0x00,0x00 /* 905eab ................ */
	.byte 0x00,0x00,0x00,0x00,0x00,0x00,0x00,0x00,0x00,0x00,0x00,0x00,0x00,0x00,0x00,0x00 /* 905ebb ................ */
	.byte 0x00,0x00,0x00,0x00,0x00,0x00,0x00,0x00,0x00,0x00,0x00,0x00,0x00,0x00,0x00,0x00 /* 905ecb ................ */
	.byte 0x00,0x00,0x00,0x00,0x00,0x00,0x00,0x00,0x00,0x00,0x00,0x00,0x00,0x00,0x00,0x00 /* 905edb ................ */
	.byte 0x00,0x00,0x00,0x00,0x00,0x00,0x00,0x00,0x00,0x00,0x00,0x00,0x00,0x00,0x00,0x00 /* 905eeb ................ */
	.byte 0x00,0x00,0x00,0x00,0x00,0x00,0x00,0x00,0x00,0x00,0x00,0x00,0x00,0x00,0x00,0x00 /* 905efb ................ */
	.byte 0x00,0x00,0x00,0x00,0x00,0x00,0x00,0x00,0x00,0x00,0x00,0x00,0x00,0x00,0x00,0x00 /* 905f0b ................ */
	.byte 0x00,0x00,0x00,0x00,0x00,0x00,0x00,0x00,0x00,0x00,0x00,0x00,0x00,0x00,0x00,0x00 /* 905f1b ................ */
	.byte 0x00,0x00,0x00,0x00,0x00,0x00,0x00,0x00,0x00,0x00,0x00,0x00,0x00,0x00,0x00,0x00 /* 905f2b ................ */
	.byte 0x00,0x00,0x00,0x00,0x00,0x00,0x00,0x00,0x00,0x00,0x00,0x00,0x00,0x00,0x00,0x00 /* 905f3b ................ */
	.byte 0x00,0x00,0x00,0x00,0x00,0x00,0x00,0x00,0x00,0x00,0x00,0x00,0x00,0x00,0x00,0x00 /* 905f4b ................ */
	.byte 0x00,0x00,0x00,0x00,0x00,0x00,0x00,0x00,0x00,0x00,0x00,0x00,0x00,0x00,0x00,0x00 /* 905f5b ................ */
	.byte 0x00,0x00,0x00,0x00,0x00,0x00,0x00,0x00,0x00,0x00,0x00,0x00,0x00,0x00,0x00,0x00 /* 905f6b ................ */
	.byte 0x00,0x00,0x00,0x00,0x00,0x00,0x00,0x00,0x00,0x00,0x00,0x00,0x00,0x00,0x00,0x00 /* 905f7b ................ */
	.byte 0x00,0x00,0x00,0x00,0x00,0x00,0x00,0x00,0x00,0x00,0x00,0x00,0x00,0x00,0x00,0x00 /* 905f8b ................ */
	.byte 0x00,0x00,0x00,0x00,0x00,0x00,0x00,0x00,0x00,0x00,0x00,0x00,0x00,0x00,0x00,0x00 /* 905f9b ................ */
	.byte 0x00,0x00,0x00,0x00,0x00,0x00,0x00,0x00,0x00,0x00,0x00,0x00,0x00,0x00,0x00,0x00 /* 905fab ................ */
	.byte 0x00,0x00,0x00,0x00,0x00,0x00,0x00,0x00,0x00,0x00,0x00,0x00,0x00,0x00,0x00,0x00 /* 905fbb ................ */
	.byte 0x00,0x00,0x00,0x00,0x00,0x00,0x00,0x00,0x00,0x00,0x00,0x00,0x00,0x00,0x00,0x00 /* 905fcb ................ */
	.byte 0x00,0x00,0x00,0x00,0x00,0x00,0x00,0x00,0x00,0x00,0x00,0x00,0x00,0x00,0x00,0x00 /* 905fdb ................ */
	.byte 0x00,0x00,0x00,0x00,0x00,0x00,0x00,0x00,0x00,0x00,0x00,0x00,0x00,0x00,0x00,0x00 /* 905feb ................ */
	.byte 0x00,0x00,0x00,0x00,0x00,0x00,0x00,0x00,0x00,0x00,0x00,0x00,0x00,0x00,0x00,0x00 /* 905ffb ................ */
	.byte 0x00,0x00,0x00,0x00,0x00,0x00,0x00,0x00,0x00,0x00,0x00,0x00,0x00,0x00,0x00,0x00 /* 90600b ................ */
	.byte 0x00,0x00,0x00,0x00,0x00,0x00,0x00,0x00,0x00,0x00,0x00,0x00,0x00,0x00,0x00,0x00 /* 90601b ................ */
	.byte 0x00,0x00,0x00,0x00,0x00,0x00,0x00,0x00,0x00,0x00,0x00,0x00,0x00,0x00,0x00,0x00 /* 90602b ................ */
	.byte 0x00,0x00,0x00,0x00,0x00,0x00,0x00,0x00,0x00,0x00,0x00,0x00,0x00,0x00,0x00,0x00 /* 90603b ................ */
	.byte 0x00,0x00,0x00,0x00,0x00,0x00,0x00,0x00,0x00,0x00,0x00,0x00,0x00,0x00,0x00,0x00 /* 90604b ................ */
	.byte 0x00,0x00,0x00,0x00,0x00,0x00,0x00,0x00,0x00,0x00,0x00,0x00,0x00,0x00,0x00,0x00 /* 90605b ................ */
	.byte 0x00,0x00,0x00,0x00,0x00,0x00,0x00,0x00,0x00,0x00,0x00,0x00,0x00,0x00,0x00,0x00 /* 90606b ................ */
	.byte 0x00,0x00,0x00,0x00,0x00,0x00,0x00,0x00,0x00,0x00,0x00,0x00,0x00,0x00,0x00,0x00 /* 90607b ................ */
	.byte 0x00,0x00,0x00,0x00,0x00,0x00,0x00,0x00,0x00,0x00,0x00,0x00,0x00,0x00,0x00,0x00 /* 90608b ................ */
	.byte 0x00,0x00,0x00,0x00,0x00,0x00,0x00,0x00,0x00,0x00,0x00,0x00,0x00,0x00,0x00,0x00 /* 90609b ................ */
	.byte 0x00,0x00,0x00,0x00,0x00,0x00,0x00,0x00,0x00,0x00,0x00,0x00,0x00,0x00,0x00,0x00 /* 9060ab ................ */
	.byte 0x00,0x00,0x00,0x00,0x00,0x00,0x00,0x00,0x00,0x00,0x00,0x00,0x00,0x00,0x00,0x00 /* 9060bb ................ */
	.byte 0x00,0x00,0x00,0x00,0x00,0x00,0x00,0x00,0x00,0x00,0x00,0x00,0x00,0x00,0x00,0x00 /* 9060cb ................ */
	.byte 0x00,0x00,0x00,0x00,0x00,0x00,0x00,0x00,0x00,0x00,0x00,0x00,0x00,0x00,0x00,0x00 /* 9060db ................ */
	.byte 0x00,0x00,0x00,0x00,0x00,0x00,0x00,0x00,0x00,0x00,0x00,0x00,0x00,0x00,0x00,0x00 /* 9060eb ................ */
	.byte 0x00,0x00,0x00,0x00,0x00,0x00,0x00,0x00,0x00,0x00,0x00,0x00,0x00,0x00,0x00,0x00 /* 9060fb ................ */
	.byte 0x00,0x00,0x00,0x00,0x00,0x00,0x00,0x00,0x00,0x00,0x00,0x00,0x00,0x00,0x00,0x00 /* 90610b ................ */
	.byte 0x00,0x00,0x00,0x00,0x00,0x00,0x00,0x00,0x00,0x00,0x00,0x00,0x00,0x00,0x00,0x00 /* 90611b ................ */
	.byte 0x00,0x00,0x00,0x00,0x00,0x00,0x00,0x00,0x00,0x00,0x00,0x00,0x00,0x00,0x00,0x00 /* 90612b ................ */
	.byte 0x00,0x00,0x00,0x00,0x00,0x00,0x00,0x00,0x00,0x00,0x00,0x00,0x00,0x00,0x00,0x00 /* 90613b ................ */
	.byte 0x00,0x00,0x00,0x00,0x00,0x00,0x00,0x00,0x00,0x00,0x00,0x00,0x00,0x00,0x00,0x00 /* 90614b ................ */
	.byte 0x00,0x00,0x00,0x00,0x00,0x00,0x00,0x00,0x00,0x00,0x00,0x00,0x00,0x00,0x00,0x00 /* 90615b ................ */
	.byte 0x00,0x00,0x00,0x00,0x00,0x00,0x00,0x00,0x00,0x00,0x00,0x00,0x00,0x00,0x00,0x00 /* 90616b ................ */
	.byte 0x00,0x00,0x00,0x00,0x00,0x00,0x00,0x00,0x00,0x00,0x00,0x00,0x00,0x00,0x00,0x00 /* 90617b ................ */
	.byte 0x00,0x00,0x00,0x00,0x00,0x00,0x00,0x00,0x00,0x00,0x00,0x00,0x00,0x00,0x00,0x00 /* 90618b ................ */
	.byte 0x00,0x00,0x00,0x00,0x00,0x00,0x00,0x00,0x00,0x00,0x00,0x00,0x00,0x00,0x00,0x00 /* 90619b ................ */
	.byte 0x00,0x00,0x00,0x00,0x00,0x00,0x00,0x00,0x00,0x00,0x00,0x00,0x00,0x00,0x00,0x00 /* 9061ab ................ */
	.byte 0x00,0x00,0x00,0x00,0x00,0x00,0x00,0x00,0x00,0x00,0x00,0x00,0x00,0x00,0x00,0x00 /* 9061bb ................ */
	.byte 0x00,0x00,0x00,0x00,0x00,0x00,0x00,0x00,0x00,0x00,0x00,0x00,0x00,0x00,0x00,0x00 /* 9061cb ................ */
	.byte 0x00,0x00,0x00,0x00,0x00,0x00,0x00,0x00,0x00,0x00,0x00,0x00,0x00,0x00,0x00,0x00 /* 9061db ................ */
	.byte 0x00,0x00,0x00,0x00,0x00,0x00,0x00,0x00,0x00,0x00,0x00,0x00,0x00,0x00,0x00,0x00 /* 9061eb ................ */
	.byte 0x00,0x00,0x00,0x00,0x00,0x00,0x00,0x00,0x00,0x00,0x00,0x00,0x00,0x00,0x00,0x00 /* 9061fb ................ */
	.byte 0x00,0x00,0x00,0x00,0x00,0x00,0x00,0x00,0x00,0x00,0x00,0x00,0x00,0x00,0x00,0x00 /* 90620b ................ */
	.byte 0x00,0x00,0x00,0x00,0x00,0x00,0x00,0x00,0x00,0x00,0x00,0x00,0x00,0x00,0x00,0x00 /* 90621b ................ */
	.byte 0x00,0x00,0x00,0x00,0x00,0x00,0x00,0x00,0x00,0x00,0x00,0x00,0x00,0x00,0x00,0x00 /* 90622b ................ */
	.byte 0x00,0x00,0x00,0x00,0x00,0x00,0x00,0x00,0x00,0x00,0x00,0x00,0x00,0x00,0x00,0x00 /* 90623b ................ */
	.byte 0x00,0x00,0x00,0x00,0x00,0x00,0x00,0x00,0x00,0x00,0x00,0x00,0x00,0x00,0x00,0x00 /* 90624b ................ */
	.byte 0x00,0x00,0x00,0x00,0x00,0x00,0x00,0x00,0x00,0x00,0x00,0x00,0x00,0x00,0x00,0x00 /* 90625b ................ */
	.byte 0x00,0x00,0x00,0x00,0x00,0x00,0x00,0x00,0x00,0x00,0x00,0x00,0x00,0x00,0x00,0x00 /* 90626b ................ */
	.byte 0x00,0x00,0x00,0x00,0x00,0x00,0x00,0x00,0x00,0x00,0x00,0x00,0x00,0x00,0x00,0x00 /* 90627b ................ */
	.byte 0x00,0x00,0x00,0x00,0x00,0x00,0x00,0x00,0x00,0x00,0x00,0x00,0x00,0x00,0x00,0x00 /* 90628b ................ */
	.byte 0x00,0x00,0x00,0x00,0x00,0x00,0x00,0x00,0x00,0x00,0x00,0x00,0x00,0x00,0x00,0x00 /* 90629b ................ */
	.byte 0x00,0x00,0x00,0x00,0x00,0x00,0x00,0x00,0x00,0x00,0x00,0x00,0x00,0x00,0x00,0x00 /* 9062ab ................ */
	.byte 0x00,0x00,0x00,0x00,0x00,0x00,0x00,0x00,0x00,0x00,0x00,0x00,0x00,0x00,0x00,0x00 /* 9062bb ................ */
	.byte 0x00,0x00,0x00,0x00,0x00,0x00,0x00,0x00,0x00,0x00,0x00,0x00,0x00,0x00,0x00,0x00 /* 9062cb ................ */
	.byte 0x00,0x00,0x00,0x00,0x00,0x00,0x00,0x00,0x00,0x00,0x00,0x00,0x00,0x00,0x00,0x00 /* 9062db ................ */
	.byte 0x00,0x00,0x00,0x00,0x00,0x00,0x00,0x00,0x00,0x00,0x00,0x00,0x00,0x00,0x00,0x00 /* 9062eb ................ */
	.byte 0x00,0x00,0x00,0x00,0x00,0x00,0x00,0x00,0x00,0x00,0x00,0x00,0x00,0x00,0x00,0x00 /* 9062fb ................ */
	.byte 0x00,0x00,0x00,0x00,0x00,0x00,0x00,0x00,0x00,0x00,0x00,0x00,0x00,0x00,0x00,0x00 /* 90630b ................ */
	.byte 0x00,0x00,0x00,0x00,0x00,0x00,0x00,0x00,0x00,0x00,0x00,0x00,0x00,0x00,0x00,0x00 /* 90631b ................ */
	.byte 0x00,0x00,0x00,0x00,0x00,0x00,0x00,0x00,0x00,0x00,0x00,0x00,0x00,0x00,0x00,0x00 /* 90632b ................ */
	.byte 0x00,0x00,0x00,0x00,0x00,0x00,0x00,0x00,0x00,0x00,0x00,0x00,0x00,0x00,0x00,0x00 /* 90633b ................ */
	.byte 0x00,0x00,0x00,0x00,0x00,0x00,0x00,0x00,0x00,0x00,0x00,0x00,0x00,0x00,0x00,0x00 /* 90634b ................ */
	.byte 0x00,0x00,0x00,0x00,0x00,0x00,0x00,0x00,0x00,0x00,0x00,0x00,0x00,0x00,0x00,0x00 /* 90635b ................ */
	.byte 0x00,0x00,0x00,0x00,0x00,0x00,0x00,0x00,0x00,0x00,0x00,0x00,0x00,0x00,0x00,0x00 /* 90636b ................ */
	.byte 0x00,0x00,0x00,0x00,0x00,0x00,0x00,0x00,0x00,0x00,0x00,0x00,0x00,0x00,0x00,0x00 /* 90637b ................ */
	.byte 0x00,0x00,0x00,0x00,0x00,0x00,0x00,0x00,0x00,0x00,0x00,0x00,0x00,0x00,0x00,0x00 /* 90638b ................ */
	.byte 0x00,0x00,0x00,0x00,0x00,0x00,0x00,0x00,0x00,0x00,0x00,0x00,0x00,0x00,0x00,0x00 /* 90639b ................ */
	.byte 0x00,0x00,0x00,0x00,0x00,0x00,0x00,0x00,0x00,0x00,0x00,0x00,0x00,0x00,0x00,0x00 /* 9063ab ................ */
	.byte 0x00,0x00,0x00,0x00,0x00,0x00,0x00,0x00,0x00,0x00,0x00,0x00,0x00,0x00,0x00,0x00 /* 9063bb ................ */
	.byte 0x00,0x00,0x00,0x00,0x00,0x00,0x00,0x00,0x00,0x00,0x00,0x00,0x00,0x00,0x00,0x00 /* 9063cb ................ */
	.byte 0x00,0x00,0x00,0x00,0x00,0x00,0x00,0x00,0x00,0x00,0x00,0x00,0x00,0x00,0x00,0x00 /* 9063db ................ */
	.byte 0x00,0x00,0x00,0x00,0x00,0x00,0x00,0x00,0x00,0x00,0x00,0x00,0x00,0x00,0x00,0x00 /* 9063eb ................ */
	.byte 0x00,0x00,0x00,0x00,0x00,0x00,0x00,0x00,0x00,0x00,0x00,0x00,0x00,0x00,0x00,0x00 /* 9063fb ................ */
	.byte 0x00,0x00,0x00,0x00,0x00,0x00,0x00,0x00,0x00,0x00,0x00,0x00,0x00,0x00,0x00,0x00 /* 90640b ................ */
	.byte 0x00,0x00,0x00,0x00,0x00,0x00,0x00,0x00,0x00,0x00,0x00,0x00,0x00,0x00,0x00,0x00 /* 90641b ................ */
	.byte 0x00,0x00,0x00,0x00,0x00,0x00,0x00,0x00,0x00,0x00,0x00,0x00,0x00,0x00,0x00,0x00 /* 90642b ................ */
	.byte 0x00,0x00,0x00,0x00,0x00,0x00,0x00,0x00,0x00,0x00,0x00,0x00,0x00,0x00,0x00,0x00 /* 90643b ................ */
	.byte 0x00,0x00,0x00,0x00,0x00,0x00,0x00,0x00,0x00,0x00,0x00,0x00,0x00,0x00,0x00,0x00 /* 90644b ................ */
	.byte 0x00,0x00,0x00,0x00,0x00,0x00,0x00,0x00,0x00,0x00,0x00,0x00,0x00,0x00,0x00,0x00 /* 90645b ................ */
	.byte 0x00,0x00,0x00,0x00,0x00,0x00,0x00,0x00,0x00,0x00,0x00,0x00,0x00,0x00,0x00,0x00 /* 90646b ................ */
	.byte 0x00,0x00,0x00,0x00,0x00,0x00,0x00,0x00,0x00,0x00,0x00,0x00,0x00,0x00,0x00,0x00 /* 90647b ................ */
	.byte 0x00,0x00,0x00,0x00,0x00,0x00,0x00,0x00,0x00,0x00,0x00,0x00,0x00,0x00,0x00,0x00 /* 90648b ................ */
	.byte 0x00,0x00,0x00,0x00,0x00,0x00,0x00,0x00,0x00,0x00,0x00,0x00,0x00,0x00,0x00,0x00 /* 90649b ................ */
	.byte 0x00,0x00,0x00,0x00,0x00,0x00,0x00,0x00,0x00,0x00,0x00,0x00,0x00,0x00,0x00,0x00 /* 9064ab ................ */
	.byte 0x00,0x00,0x00,0x00,0x00,0x00,0x00,0x00,0x00,0x00,0x00,0x00,0x00,0x00,0x00,0x00 /* 9064bb ................ */
	.byte 0x00,0x00,0x00,0x00,0x00,0x00,0x00,0x00,0x00,0x00,0x00,0x00,0x00,0x00,0x00,0x00 /* 9064cb ................ */
	.byte 0x00,0x00,0x00,0x00,0x00,0x00,0x00,0x00,0x00,0x00,0x00,0x00,0x00,0x00,0x00,0x00 /* 9064db ................ */
	.byte 0x00,0x00,0x00,0x00,0x00,0x00,0x00,0x00,0x00,0x00,0x00,0x00,0x00,0x00,0x00,0x00 /* 9064eb ................ */
	.byte 0x00,0x00,0x00,0x00,0x00,0x00,0x00,0x00,0x00,0x00,0x00,0x00,0x00,0x00,0x00,0x00 /* 9064fb ................ */
	.byte 0x00,0x00,0x00,0x00,0x00,0x00,0x00,0x00,0x00,0x00,0x00,0x00,0x00,0x00,0x00,0x00 /* 90650b ................ */
	.byte 0x00,0x00,0x00,0x00,0x00,0x00,0x00,0x00,0x00,0x00,0x00,0x00,0x00,0x00,0x00,0x00 /* 90651b ................ */
	.byte 0x00,0x00,0x00,0x00,0x00,0x00,0x00,0x00,0x00,0x00,0x00,0x00,0x00,0x00,0x00,0x00 /* 90652b ................ */
	.byte 0x00,0x00,0x00,0x00,0x00,0x00,0x00,0x00,0x00,0x00,0x00,0x00,0x00,0x00,0x00,0x00 /* 90653b ................ */
	.byte 0x00,0x00,0x00,0x00,0x00,0x00,0x00,0x00,0x00,0x00,0x00,0x00,0x00,0x00,0x00,0x00 /* 90654b ................ */
	.byte 0x00,0x00,0x00,0x00,0x00,0x00,0x00,0x00,0x00,0x00,0x00,0x00,0x00,0x00,0x00,0x00 /* 90655b ................ */
	.byte 0x00,0x00,0x00,0x00,0x00,0x00,0x00,0x00,0x00,0x00,0x00,0x00,0x00,0x00,0x00,0x00 /* 90656b ................ */
	.byte 0x00,0x00,0x00,0x00,0x00,0x00,0x00,0x00,0x00,0x00,0x00,0x00,0x00,0x00,0x00,0x00 /* 90657b ................ */
	.byte 0x00,0x00,0x00,0x00,0x00,0x00,0x00,0x00,0x00,0x00,0x00,0x00,0x00,0x00,0x00,0x00 /* 90658b ................ */
	.byte 0x00,0x00,0x00,0x00,0x00,0x00,0x00,0x00,0x00,0x00,0x00,0x00,0x00,0x00,0x00,0x00 /* 90659b ................ */
	.byte 0x00,0x00,0x00,0x00,0x00,0x00,0x00,0x00,0x00,0x00,0x00,0x00,0x00,0x00,0x00,0x00 /* 9065ab ................ */
	.byte 0x00,0x00,0x00,0x00,0x00,0x00,0x00,0x00,0x00,0x00,0x00,0x00,0x00,0x00,0x00,0x00 /* 9065bb ................ */
	.byte 0x00,0x00,0x00,0x00,0x00,0x00,0x00,0x00,0x00,0x00,0x00,0x00,0x00,0x00,0x00,0x00 /* 9065cb ................ */
	.byte 0x00,0x00,0x00,0x00,0x00,0x00,0x00,0x00,0x00,0x00,0x00,0x00,0x00,0x00,0x00,0x00 /* 9065db ................ */
	.byte 0x00,0x00,0x00,0x00,0x00,0x00,0x00,0x00,0x00,0x00,0x00,0x00,0x00,0x00,0x00,0x00 /* 9065eb ................ */
	.byte 0x00,0x00,0x00,0x00,0x00,0x00,0x00,0x00,0x00,0x00,0x00,0x00,0x00,0x00,0x00,0x00 /* 9065fb ................ */
	.byte 0x00,0x00,0x00,0x00,0x00,0x00,0x00,0x00,0x00,0x00,0x00,0x00,0x00,0x00,0x00,0x00 /* 90660b ................ */
	.byte 0x00,0x00,0x00,0x00,0x00,0x00,0x00,0x00,0x00,0x00,0x00,0x00,0x00,0x00,0x00,0x00 /* 90661b ................ */
	.byte 0x00,0x00,0x00,0x00,0x00,0x00,0x00,0x00,0x00,0x00,0x00,0x00,0x00,0x00,0x00,0x00 /* 90662b ................ */
	.byte 0x00,0x00,0x00,0x00,0x00,0x00,0x00,0x00,0x00,0x00,0x00,0x00,0x00,0x00,0x00,0x00 /* 90663b ................ */
	.byte 0x00,0x00,0x00,0x00,0x00,0x00,0x00,0x00,0x00,0x00,0x00,0x00,0x00,0x00,0x00,0x00 /* 90664b ................ */
	.byte 0x00,0x00,0x00,0x00,0x00,0x00,0x00,0x00,0x00,0x00,0x00,0x00,0x00,0x00,0x00,0x00 /* 90665b ................ */
	.byte 0x00,0x00,0x00,0x00,0x00,0x00,0x00,0x00,0x00,0x00,0x00,0x00,0x00,0x00,0x00,0x00 /* 90666b ................ */
	.byte 0x00,0x00,0x00,0x00,0x00,0x00,0x00,0x00,0x00,0x00,0x00,0x00,0x00,0x00,0x00,0x00 /* 90667b ................ */
	.byte 0x00,0x00,0x00,0x00,0x00,0x00,0x00,0x00,0x00,0x00,0x00,0x00,0x00,0x00,0x00,0x00 /* 90668b ................ */
	.byte 0x00,0x00,0x00,0x00,0x00,0x00,0x00,0x00,0x00,0x00,0x00,0x00,0x00,0x00,0x00,0x00 /* 90669b ................ */
	.byte 0x00,0x00,0x00,0x00,0x00,0x00,0x00,0x00,0x00,0x00,0x00,0x00,0x00,0x00,0x00,0x00 /* 9066ab ................ */
	.byte 0x00,0x00,0x00,0x00,0x00,0x00,0x00,0x00,0x00,0x00,0x00,0x00,0x00,0x00,0x00,0x00 /* 9066bb ................ */
	.byte 0x00,0x00,0x00,0x00,0x00,0x00,0x00,0x00,0x00,0x00,0x00,0x00,0x00,0x00,0x00,0x00 /* 9066cb ................ */
	.byte 0x00,0x00,0x00,0x00,0x00,0x00,0x00,0x00,0x00,0x00,0x00,0x00,0x00,0x00,0x00,0x00 /* 9066db ................ */
	.byte 0x00,0x00,0x00,0x00,0x00,0x00,0x00,0x00,0x00,0x00,0x00,0x00,0x00,0x00,0x00,0x00 /* 9066eb ................ */
	.byte 0x00,0x00,0x00,0x00,0x00,0x00,0x00,0x00,0x00,0x00,0x00,0x00,0x00,0x00,0x00,0x00 /* 9066fb ................ */
	.byte 0x00,0x00,0x00,0x00,0x00,0x00,0x00,0x00,0x00,0x00,0x00,0x00,0x00,0x00,0x00,0x00 /* 90670b ................ */
	.byte 0x00,0x00,0x00,0x00,0x00,0x00,0x00,0x00,0x00,0x00,0x00,0x00,0x00,0x00,0x00,0x00 /* 90671b ................ */
	.byte 0x00,0x00,0x00,0x00,0x00,0x00,0x00,0x00,0x00,0x00,0x00,0x00,0x00,0x00,0x00,0x00 /* 90672b ................ */
	.byte 0x00,0x00,0x00,0x00,0x00,0x00,0x00,0x00,0x00,0x00,0x00,0x00,0x00,0x00,0x00,0x00 /* 90673b ................ */
	.byte 0x00,0x00,0x00,0x00,0x00,0x00,0x00,0x00,0x00,0x00,0x00,0x00,0x00,0x00,0x00,0x00 /* 90674b ................ */
	.byte 0x00,0x00,0x00,0x00,0x00,0x00,0x00,0x00,0x00,0x00,0x00,0x00,0x00,0x00,0x00,0x00 /* 90675b ................ */
	.byte 0x00,0x00,0x00,0x00,0x00,0x00,0x00,0x00,0x00,0x00,0x00,0x00,0x00,0x00,0x00,0x00 /* 90676b ................ */
	.byte 0x00,0x00,0x00,0x00,0x00,0x00,0x00,0x00,0x00,0x00,0x00,0x00,0x00,0x00,0x00,0x00 /* 90677b ................ */
	.byte 0x00,0x00,0x00,0x00,0x00,0x00,0x00,0x00,0x00,0x00,0x00,0x00,0x00,0x00,0x00,0x00 /* 90678b ................ */
	.byte 0x00,0x00,0x00,0x00,0x00,0x00,0x00,0x00,0x00,0x00,0x00,0x00,0x00,0x00,0x00,0x00 /* 90679b ................ */
	.byte 0x00,0x00,0x00,0x00,0x00,0x00,0x00,0x00,0x00,0x00,0x00,0x00,0x00,0x00,0x00,0x00 /* 9067ab ................ */
	.byte 0x00,0x00,0x00,0x00,0x00,0x00,0x00,0x00,0x00,0x00,0x00,0x00,0x00,0x00,0x00,0x00 /* 9067bb ................ */
	.byte 0x00,0x00,0x00,0x00,0x00,0x00,0x00,0x00,0x00,0x00,0x00,0x00,0x00,0x00,0x00,0x00 /* 9067cb ................ */
	.byte 0x00,0x28,0x40,0x88,0x00,0x03,0x00,0x00,0x00,0x38,0x30,0x88,0x00,0x03,0x00,0x00 /* 9067db .(@......80..... */
	.byte 0x00,0x64,0x3d,0x88,0x00,0xfc,0xec,0xd8,0xd8,0x68,0x3d,0x88,0x00,0x00,0x3b,0x57 /* 9067eb .d=......h=...;W */
	.byte 0x3b,0x6c,0x3d,0x88,0x00,0x00,0xd8,0xd8,0xec,0x70,0x3d,0x88,0x00,0xfc,0x01,0x00 /* 9067fb ;l=......p=..... */
	.byte 0x00,0xc0,0x31,0x88,0x00,0xdb,0xf6,0xff,0x00,0xc4,0x31,0x88,0x00,0x5d,0xf7,0xff /* 90680b ..1.......1..].. */
	.byte 0x00,0x30,0x31,0x88,0x00,0x10,0x00,0x00,0x00,0xb4,0x51,0x88,0x00,0x10,0x10,0x00 /* 90681b .01.......Q..... */
	.byte 0x00,0x44,0x31,0x88,0x00,0x5a,0x00,0x00,0x00,0x48,0x31,0x88,0x00,0x20,0x00,0x00 /* 90682b .D1..Z...H1.. .. */
	.byte 0x00,0x80,0x31,0x88,0x00,0x04,0x00,0x00,0x00,0x88,0x31,0x88,0x00,0x17,0x00,0x00 /* 90683b ..1.......1..... */
	.byte 0x00,0xbc,0x31,0x88,0x00,0x73,0x00,0x00,0x00,0x5c,0x31,0x88,0x00,0x0b,0x00,0x00 /* 90684b ..1..s...\1..... */
	.byte 0x00,0x60,0x31,0x88,0x00,0x0b,0x00,0x00,0x00,0x80,0x3b,0x88,0x00,0x18,0xc5,0xfd /* 90685b .`1.......;..... */
	.byte 0x03,0xa0,0x31,0x88,0x00,0x19,0x00,0x00,0x00,0x40,0x3e,0x88,0x00,0x28,0xc8,0x28 /* 90686b ..1......@>..(.( */
	.byte 0x28,0x44,0x3e,0x88,0x00,0x28,0x28,0x28,0x28,0x48,0x3e,0x88,0x00,0x28,0xc8,0xc8 /* 90687b (D>..((((H>..(.. */
	.byte 0xc8,0x04,0x3e,0x88,0x00,0x8d,0x8d,0x8d,0x8d,0x08,0x3e,0x88,0x00,0x8d,0x8d,0x8d /* 90688b ..>.......>..... */
	.byte 0x8d,0x0c,0x3e,0x88,0x00,0x8d,0x8d,0x8d,0x8d,0x10,0x3e,0x88,0x00,0x8d,0x8d,0x8d /* 90689b ..>.......>..... */
	.byte 0x8d,0x90,0x33,0x88,0x00,0x02,0x00,0x00,0x00,0x60,0x3a,0x88,0x00,0xff,0xff,0x00 /* 9068ab ..3......`:..... */
	.byte 0x00,0x98,0x3b,0x88,0x00,0xff,0xff,0x00,0x00,0x40,0x3b,0x88,0x00,0x03,0x00,0x00 /* 9068bb ..;......@;..... */
	.byte 0x00,0x70,0x3b,0x88,0x00,0x00,0x03,0x00,0x00,0x74,0x3b,0x88,0x00,0x00,0x01,0x08 /* 9068cb .p;......t;..... */
	.byte 0x00,0x30,0x3b,0x88,0x00,0x80,0x01,0x00,0x00,0x2c,0x3b,0x88,0x00,0x03,0x30,0x00 /* 9068db .0;......,;...0. */
	.byte 0x00,0x4c,0x95,0x88,0x00,0x4d,0x15,0x00,0x00,0x54,0x95,0x88,0x00,0xa2,0xb9,0x05 /* 9068eb .L...M...T...... */
	.byte 0x00,0x2c,0x95,0x88,0x00,0x07,0x07,0xff,0x00,0x40,0x95,0x88,0x00,0xff,0xff,0xff /* 9068fb .,.......@...... */
	.byte 0xff,0x44,0x95,0x88,0x00,0xff,0xff,0xff,0xff,0x0d,0x0e,0x0d,0x0e,0x0d,0x0e,0x0d /* 90690b .D.............. */
	.byte 0x0e                                                            /* 90691b . */
